Solver,SeqSOR,CGSolver,BiCGSTABSolver,LoopSolver,SeqGS,GradientSolver,Precon,cells,post,pre,performance
1,1,1,0,0,0,0,1,51,2,2,10092.39036
1,1,1,0,0,0,0,1,51,4,3,10066.10643
1,1,0,0,1,0,0,1,51,3,5,7671.019286
1,0,0,1,0,1,0,1,55,0,3,15946.32143
1,1,0,0,1,0,0,1,54,5,2,11266.48571
1,0,1,0,0,1,0,1,52,4,5,9793.9225
1,1,0,0,1,0,0,1,53,0,6,13583.10357
1,0,0,0,1,1,0,1,53,3,3,9846.766071
1,1,0,0,0,0,1,1,50,1,5,9673.2875
1,0,0,0,1,1,0,1,51,4,1,9074.508571
1,1,1,0,0,0,0,1,51,5,5,7498.959643
1,1,0,0,1,0,0,1,50,6,6,9718.527857
1,1,1,0,0,0,0,1,55,6,3,11739.84286
1,1,0,0,1,0,0,1,52,2,4,10505.22857
1,0,0,0,0,1,1,1,55,2,2,10675.03571
1,1,0,0,0,0,1,1,55,0,2,14612.61071
1,0,1,0,0,1,0,1,54,2,5,10688.99643
1,0,0,0,0,1,1,1,53,3,3,10056.92643
1,0,0,0,1,1,0,1,50,4,2,6640.879643
1,1,0,1,0,0,0,1,51,3,1,10031.13107
1,1,0,0,1,0,0,1,53,1,4,13502.42857
1,1,0,0,0,0,1,1,53,0,3,13464.81429
1,1,0,1,0,0,0,1,51,2,4,10013.37679
1,0,1,0,0,1,0,1,51,5,0,9079.328214
1,1,0,1,0,0,0,1,55,2,4,11664.92143
1,1,0,0,0,0,1,1,53,4,4,8079.076786
1,0,1,0,0,1,0,1,55,2,3,10614.51786
1,1,0,0,0,0,1,1,54,6,5,8396.121786
1,1,0,0,0,0,1,1,54,2,5,11207.80714
1,1,0,1,0,0,0,1,50,6,4,7299.777143
1,0,0,0,0,1,1,1,50,1,1,11102.32143
1,1,0,0,0,0,1,1,55,1,0,23227.74643
1,0,0,0,0,1,1,1,53,4,4,7559.093929
1,1,0,0,0,0,1,1,54,1,0,22407.63214
1,1,0,0,1,0,0,1,50,4,5,9646.541071
1,0,0,0,1,1,0,1,54,3,4,10458.83214
1,1,0,0,0,0,1,1,50,5,3,7257.724643
1,0,0,0,0,1,1,1,54,0,4,12952.23929
1,1,1,0,0,0,0,1,55,2,6,11611.91786
1,1,1,0,0,0,0,1,52,3,1,10548.29286
1,0,0,0,0,1,1,1,53,4,0,10060.5725
1,1,1,0,0,0,0,1,55,0,6,17397.25
1,1,0,0,0,0,1,1,51,5,4,7576.131786
1,1,1,0,0,0,0,1,50,6,0,7207.1775
1,0,0,1,0,1,0,1,52,3,1,9607.337857
1,1,0,1,0,0,0,1,50,6,1,7237.837143
1,0,1,0,0,1,0,1,51,3,5,9152.130714
1,0,0,0,1,1,0,1,52,5,3,7360.898214
1,1,1,0,0,0,0,1,51,4,0,10047.115
1,0,0,1,0,1,0,1,53,2,6,10031.41143
1,0,0,1,0,1,0,1,54,3,0,10420.02857
1,1,1,0,0,0,0,1,52,4,4,10436.44643
1,0,0,0,1,1,0,1,50,5,6,8781.767143
1,1,0,0,1,0,0,1,52,4,3,7921.049643
1,1,1,0,0,0,0,1,53,6,3,10913.05
1,0,0,0,1,1,0,1,55,4,1,10585.66429
1,1,1,0,0,0,0,1,51,3,1,10021.59464
1,1,0,0,0,0,1,1,51,1,4,9958.1825
1,1,1,0,0,0,0,1,50,1,0,24028.20357
1,1,0,0,1,0,0,1,52,3,4,10441.875
1,1,1,0,0,0,0,1,52,1,0,28690.68571
1,0,0,0,1,1,0,1,54,6,5,10189.24643
1,0,0,0,0,1,1,1,52,5,6,7278.923571
1,1,0,0,1,0,0,1,54,6,6,11429.35
1,1,1,0,0,0,0,1,50,3,6,9710.789643
1,0,0,0,0,1,1,1,50,0,6,8754.275714
1,0,0,0,0,1,1,1,50,1,2,8756.160714
1,1,0,0,0,0,1,1,51,1,3,9957.022143
1,0,1,0,0,1,0,1,55,0,5,15853.075
1,0,0,0,1,1,0,1,52,3,1,7312.147857
1,0,0,0,1,1,0,1,51,4,6,6893.9875
1,0,0,1,0,1,0,1,55,5,6,10762.83214
1,0,0,0,1,1,0,1,50,5,3,8855.005714
1,1,0,0,1,0,0,1,50,1,4,12126.27857
1,1,0,0,1,0,0,1,55,6,3,11625.24286
1,0,0,0,0,1,1,1,50,0,2,11103.57857
1,0,0,0,1,1,0,1,50,2,2,6601.925714
1,1,0,1,0,0,0,1,55,5,1,11674.55357
1,0,0,1,0,1,0,1,50,5,1,6694.724643
1,0,1,0,0,1,0,1,51,4,6,6828.976429
1,0,1,0,0,1,0,1,54,3,4,10333.67143
1,1,1,0,0,0,0,1,53,3,1,10828.94643
1,1,0,0,1,0,0,1,53,0,2,13628.31786
1,1,1,0,0,0,0,1,52,5,6,7818.513571
1,0,0,1,0,1,0,1,52,3,5,9552.986786
1,1,0,0,0,0,1,1,50,2,3,9823.213214
1,1,0,1,0,0,0,1,51,5,4,7526.2075
1,1,0,0,1,0,0,1,55,2,6,11628.68214
1,0,0,1,0,1,0,1,55,1,2,13420.35357
1,0,0,0,0,1,1,1,53,6,2,7792.3425
1,1,0,0,0,0,1,1,53,5,0,10788.81071
1,0,1,0,0,1,0,1,50,2,6,8862.7725
1,1,0,0,0,0,1,1,52,3,3,10447.16071
1,0,0,0,0,1,1,1,53,5,5,7459.024286
1,0,0,1,0,1,0,1,51,1,0,18348.80357
1,1,0,0,0,0,1,1,55,2,2,11595.46071
1,1,0,1,0,0,0,1,50,5,6,7258.036429
1,0,0,1,0,1,0,1,51,2,5,9309.809286
1,1,1,0,0,0,0,1,52,0,4,15937.08571
1,1,0,0,1,0,0,1,55,4,0,11708.31786
1,1,0,0,0,0,1,1,55,5,1,11643.77143
1,0,0,1,0,1,0,1,51,2,4,9246.806429
1,1,0,0,1,0,0,1,54,6,0,11502.83571
1,1,0,1,0,0,0,1,54,2,6,11469.575
1,1,0,1,0,0,0,1,53,3,1,10832.3
1,1,0,0,0,0,1,1,54,4,0,11245.51429
1,0,0,0,0,1,1,1,51,2,3,9112.441071
1,1,1,0,0,0,0,1,55,6,0,11588.275
1,1,0,0,1,0,0,1,55,1,1,14515.2
1,0,0,0,1,1,0,1,55,6,4,10620.84643
1,0,0,1,0,1,0,1,53,6,3,9980.670357
1,0,0,0,0,1,1,1,53,3,2,9893.181071
1,0,0,1,0,1,0,1,54,1,6,10344.975
1,1,1,0,0,0,0,1,51,2,6,9973.781786
1,1,0,0,0,0,1,1,53,1,3,10791.52143
1,1,1,0,0,0,0,1,54,6,5,11361.99286
1,1,0,1,0,0,0,1,52,1,4,10420.68571
1,0,1,0,0,1,0,1,53,3,4,10018.72071
1,0,0,0,0,1,1,1,54,1,2,10224.23929
1,1,1,0,0,0,0,1,50,4,4,9680.549286
1,0,1,0,0,1,0,1,54,3,3,10308.77857
1,1,0,0,0,0,1,1,55,1,4,11714.88929
1,1,0,1,0,0,0,1,54,2,2,11407.96786
1,0,1,0,0,1,0,1,52,6,5,7479.9975
1,0,0,0,1,1,0,1,55,6,6,10677.15357
1,0,1,0,0,1,0,1,54,5,5,10569.71429
1,0,0,0,1,1,0,1,54,5,2,10363.61429
1,0,0,1,0,1,0,1,52,3,0,9813.0375
1,0,0,0,1,1,0,1,50,4,3,8753.69
1,0,1,0,0,1,0,1,54,1,5,12881.475
1,1,0,1,0,0,0,1,50,6,5,7341.613571
1,0,0,1,0,1,0,1,55,2,1,13486.08214
1,0,0,0,1,1,0,1,52,5,1,7261.473571
1,0,1,0,0,1,0,1,52,3,1,9613.4125
1,0,0,0,0,1,1,1,51,4,5,6861.115
1,0,1,0,0,1,0,1,54,2,3,10333.8
1,1,1,0,0,0,0,1,55,6,5,11631.43571
1,1,0,0,0,0,1,1,50,0,3,12071.20714
1,1,0,0,0,0,1,1,54,5,5,8447.814286
1,1,0,0,1,0,0,1,55,6,1,11675.80714
1,0,0,0,0,1,1,1,51,1,6,9146.467857
1,0,1,0,0,1,0,1,53,3,2,9874.487143
1,0,0,0,0,1,1,1,54,5,4,7788.993571
1,1,0,0,0,0,1,1,51,3,0,10004.07643
1,0,0,0,0,1,1,1,53,6,4,7731.515357
1,0,0,0,1,1,0,1,54,6,6,10245.36786
1,1,0,0,1,0,0,1,54,3,1,11259.08929
1,1,0,1,0,0,0,1,53,5,2,10793.62143
1,0,0,0,1,1,0,1,50,0,2,8801.738571
1,0,0,0,0,1,1,1,50,5,0,8800.893929
1,0,1,0,0,1,0,1,52,5,1,9877.670357
1,1,1,0,0,0,0,1,54,0,6,16868.75
1,0,0,0,0,1,1,1,52,1,2,9844.833571
1,0,1,0,0,1,0,1,52,0,4,14619.52857
1,1,0,0,0,0,1,1,50,2,4,9590.872143
1,0,1,0,0,1,0,1,51,1,5,9092.014286
1,0,0,0,0,1,1,1,55,0,2,13293.58214
1,1,0,0,1,0,0,1,50,6,1,7290.916786
1,1,0,0,0,0,1,1,52,1,6,10448.025
1,1,0,1,0,0,0,1,54,1,3,11272.53571
1,1,0,0,1,0,0,1,50,1,6,7241.799286
1,1,0,1,0,0,0,1,53,0,2,13505.30357
1,0,0,0,0,1,1,1,54,6,0,7885.636786
1,0,1,0,0,1,0,1,54,0,2,17965.475
1,1,1,0,0,0,0,1,53,2,4,10791.77143
1,1,0,1,0,0,0,1,52,0,2,13061.23214
1,1,0,0,1,0,0,1,50,3,6,9618.2225
1,1,0,0,0,0,1,1,50,5,5,7252.8275
1,1,1,0,0,0,0,1,53,4,3,10804.22857
1,0,0,0,1,1,0,1,50,1,4,8878.743571
1,0,0,0,1,1,0,1,54,3,5,10259.325
1,1,0,0,0,0,1,1,51,1,2,10059.7175
1,1,1,0,0,0,0,1,52,0,2,18277.61071
1,1,0,0,1,0,0,1,52,1,6,10514.90357
1,0,0,0,0,1,1,1,55,4,0,10586.73929
1,0,0,0,1,1,0,1,52,1,3,12004.70714
1,0,0,0,0,1,1,1,52,2,6,9900.191429
1,1,1,0,0,0,0,1,54,4,5,11211.18571
1,1,0,1,0,0,0,1,53,2,4,10804.34643
1,1,0,0,1,0,0,1,50,3,3,9660.786071
1,1,0,1,0,0,0,1,54,5,5,11186.68571
1,0,1,0,0,1,0,1,50,2,4,8980.808571
1,0,0,0,0,1,1,1,54,1,3,10237.56071
1,1,0,0,0,0,1,1,55,4,6,8734.177857
1,0,0,0,1,1,0,1,54,0,5,12737.975
1,0,0,0,0,1,1,1,52,4,0,9705.612143
1,1,0,1,0,0,0,1,51,0,2,12513.11429
1,1,1,0,0,0,0,1,53,6,6,10846.55357
1,1,0,1,0,0,0,1,53,5,3,10800.98929
1,0,0,0,0,1,1,1,53,2,3,10159.3925
1,0,1,0,0,1,0,1,54,4,5,10387.19286
1,0,1,0,0,1,0,1,55,6,4,10568.04286
1,0,0,0,1,1,0,1,55,0,2,10947.9
1,0,0,0,1,1,0,1,54,2,1,10203.98929
1,1,0,1,0,0,0,1,50,4,4,9735.156429
1,0,1,0,0,1,0,1,55,0,3,18560.59643
1,0,0,0,1,1,0,1,54,3,6,10280.82143
1,0,0,1,0,1,0,1,54,3,4,10407.35714
1,1,0,0,1,0,0,1,51,5,5,7550.776429
1,0,0,0,0,1,1,1,53,3,1,10194.26393
1,1,1,0,0,0,0,1,50,3,3,9744.465714
1,1,1,0,0,0,0,1,52,1,6,10412.60357
1,0,1,0,0,1,0,1,55,5,4,10702.64286
1,1,1,0,0,0,0,1,53,4,2,10891.38929
1,0,0,0,0,1,1,1,52,2,1,9637.192143
1,0,0,1,0,1,0,1,52,0,6,11923.13929
1,0,0,0,1,1,0,1,53,4,6,9833.401071
1,1,0,0,0,0,1,1,54,1,3,11188.79643
1,1,0,0,1,0,0,1,54,4,3,11306.50357
1,0,0,0,0,1,1,1,50,2,4,8883.6975
1,0,0,0,0,1,1,1,50,3,4,8891.388929
1,0,0,0,1,1,0,1,53,4,0,10124.99357
1,1,1,0,0,0,0,1,54,1,4,14046.17857
1,1,0,0,0,0,1,1,55,4,3,8751.441429
1,0,1,0,0,1,0,1,55,3,2,10554.38214
1,1,0,0,0,0,1,1,55,2,0,11644.09643
1,0,1,0,0,1,0,1,53,5,3,10071.76321
1,0,0,0,0,1,1,1,54,4,6,7773.2525
1,1,0,1,0,0,0,1,53,2,2,10833.47857
1,0,0,1,0,1,0,1,55,6,1,10730.37143
1,1,0,0,1,0,0,1,50,6,2,7263.305357
1,0,1,0,0,1,0,1,50,6,4,6767.398929
1,0,0,0,0,1,1,1,52,3,4,9750.368571
1,0,1,0,0,1,0,1,54,5,4,10475.32857
1,0,0,1,0,1,0,1,54,5,2,10488.20357
1,1,0,0,0,0,1,1,54,5,4,8441.657143
1,1,0,1,0,0,0,1,55,3,6,11694.54643
1,0,0,0,1,1,0,1,50,5,5,8827.153214
1,0,1,0,0,1,0,1,55,5,2,10630.53214
1,0,0,0,0,1,1,1,52,0,2,12435.09286
1,1,1,0,0,0,0,1,50,0,5,14545.1
1,0,0,1,0,1,0,1,50,3,4,9269.5275
1,1,0,1,0,0,0,1,55,0,3,17558.58571
1,1,0,0,0,0,1,1,50,2,2,9605.033214
1,0,0,1,0,1,0,1,53,3,4,9903.713929
1,0,0,0,1,1,0,1,52,5,0,7260.075
1,0,0,0,1,1,0,1,54,6,3,10194.51429
1,1,0,0,1,0,0,1,54,2,3,11287.93214
1,0,0,0,0,1,1,1,53,5,0,10493.67679
1,1,1,0,0,0,0,1,53,0,4,16231.98214
1,1,0,0,1,0,0,1,51,4,5,7622.658571
1,1,0,0,0,0,1,1,52,3,5,7818.290714
1,0,0,0,1,1,0,1,52,5,4,7286.390357
1,1,1,0,0,0,0,1,51,1,0,25017.96786
1,1,0,0,1,0,0,1,53,1,6,10809.75714
1,0,0,0,1,1,0,1,50,3,3,8788.804286
1,1,1,0,0,0,0,1,54,0,3,16923.76786
1,1,0,0,0,0,1,1,54,6,4,8381.460357
1,1,1,0,0,0,0,1,52,5,1,10581.48929
1,1,0,1,0,0,0,1,50,5,3,7367.228571
1,1,1,0,0,0,0,1,51,6,1,7673.936786
1,1,0,0,1,0,0,1,50,6,4,9709.593214
1,1,0,1,0,0,0,1,52,1,2,10521.675
1,0,0,0,1,1,0,1,54,1,3,12747.03571
1,0,0,0,1,1,0,1,55,6,3,10629.84286
1,1,0,1,0,0,0,1,55,0,2,14499.85
1,0,0,0,0,1,1,1,51,2,0,9083.299643
1,1,0,0,0,0,1,1,53,1,5,10868.42143
1,1,1,0,0,0,0,1,54,4,3,11205.12143
1,0,0,0,0,1,1,1,54,3,0,10184.95357
1,1,0,0,0,0,1,1,51,5,2,7605.792143
1,0,1,0,0,1,0,1,52,4,3,9846.498929
1,0,1,0,0,1,0,1,53,5,5,9982.607857
1,1,0,1,0,0,0,1,53,2,5,10824.60714
1,1,0,1,0,0,0,1,50,3,6,9798.097857
1,0,0,0,0,1,1,1,55,2,1,10670.17857
1,0,0,1,0,1,0,1,52,0,5,11938.55357
1,1,0,0,0,0,1,1,55,2,3,11663.28214
1,0,0,0,0,1,1,1,53,0,6,12432.01786
1,0,1,0,0,1,0,1,53,5,1,9876.677857
1,0,0,1,0,1,0,1,51,1,3,9353.554643
1,0,1,0,0,1,0,1,51,5,1,9112.8925
1,1,0,0,0,0,1,1,54,2,1,11194.79643
1,1,0,1,0,0,0,1,50,0,3,12006.51071
1,1,1,0,0,0,0,1,52,4,1,10400.26071
1,0,0,0,0,1,1,1,53,2,4,10161.55571
1,1,1,0,0,0,0,1,51,4,6,7596.398214
1,1,1,0,0,0,0,1,54,1,1,14082.55
1,1,0,0,1,0,0,1,55,4,6,11735.69286
1,0,1,0,0,1,0,1,52,5,6,7365.070357
1,0,0,0,0,1,1,1,52,2,2,9690.220714
1,0,0,1,0,1,0,1,55,1,4,10657.68571
1,1,0,1,0,0,0,1,52,6,2,7841.623214
1,0,1,0,0,1,0,1,54,0,1,48364.63571
1,1,0,0,0,0,1,1,54,6,1,8441.936429
1,0,0,1,0,1,0,1,50,3,6,8820.959286
1,0,0,0,0,1,1,1,54,5,1,10380.525
1,0,0,0,1,1,0,1,53,2,6,9901.13
1,1,0,0,1,0,0,1,53,2,1,8322.647857
1,1,0,1,0,0,0,1,52,5,4,10418.55714
1,1,0,0,0,0,1,1,51,0,6,10026.57107
1,1,0,0,1,0,0,1,51,1,6,7668.067143
1,1,0,0,0,0,1,1,51,1,5,10032.17893
1,1,1,0,0,0,0,1,50,5,5,7214.219286
1,0,0,0,1,1,0,1,55,2,2,10596.33571
1,0,1,0,0,1,0,1,53,1,6,12628.97143
1,0,0,0,0,1,1,1,50,2,0,8760.0275
1,0,0,1,0,1,0,1,55,5,4,10730.63214
1,1,1,0,0,0,0,1,55,0,3,20278.825
1,1,1,0,0,0,0,1,51,3,5,10247.77679
1,1,0,1,0,0,0,1,50,2,0,9609.776786
1,0,0,1,0,1,0,1,55,4,6,10744.38929
1,1,0,1,0,0,0,1,54,0,2,16810.97143
1,0,0,1,0,1,0,1,54,4,2,10351.81429
1,0,0,1,0,1,0,1,55,5,2,10725.03571
1,0,0,0,0,1,1,1,54,4,5,7739.757857
1,0,0,1,0,1,0,1,55,6,0,10638.05714
1,0,0,0,1,1,0,1,55,1,2,13218.49643
1,1,0,0,0,0,1,1,55,1,6,11738.76429
1,1,0,1,0,0,0,1,50,5,5,7237.580714
1,0,0,1,0,1,0,1,50,2,5,8812.811429
1,1,1,0,0,0,0,1,52,6,3,7823.797143
1,1,0,0,0,0,1,1,50,4,6,7338.861429
1,1,0,1,0,0,0,1,52,3,6,10452.7
1,0,1,0,0,1,0,1,55,5,0,10588.75357
1,0,0,0,0,1,1,1,50,6,0,6634.9125
1,0,0,0,1,1,0,1,55,5,0,10659.275
1,0,0,0,0,1,1,1,50,6,5,6700.596071
1,0,1,0,0,1,0,1,52,2,2,9848.327143
1,1,0,1,0,0,0,1,50,3,1,9622.930357
1,1,0,1,0,0,0,1,50,3,3,9634.402143
1,1,0,1,0,0,0,1,55,2,5,11720.23929
1,1,0,1,0,0,0,1,51,4,5,7718.941429
1,0,0,0,0,1,1,1,52,5,5,7290.246429
1,0,1,0,0,1,0,1,50,5,3,6646.764643
1,0,0,1,0,1,0,1,52,0,3,11980.72857
1,1,0,1,0,0,0,1,52,1,0,18411.05714
1,1,0,0,0,0,1,1,55,3,5,11717.73571
1,0,1,0,0,1,0,1,53,1,4,12724.93571
1,1,0,0,1,0,0,1,54,4,4,11250.26429
1,1,0,1,0,0,0,1,54,0,6,14099.29286
1,0,0,0,0,1,1,1,52,2,5,9847.275357
1,0,0,0,0,1,1,1,55,1,0,21243.01429
1,1,0,0,1,0,0,1,52,2,6,10516.39286
1,0,0,0,0,1,1,1,51,1,0,18248.78571
1,0,0,0,1,1,0,1,51,4,0,6884.062143
1,1,0,0,0,0,1,1,52,6,1,7874.146786
1,1,1,0,0,0,0,1,51,4,4,10059.36929
1,0,0,0,0,1,1,1,55,4,6,7917.301071
1,1,0,1,0,0,0,1,51,2,0,10058.47
1,1,0,0,1,0,0,1,50,3,2,7452.555
1,1,0,0,1,0,0,1,53,5,1,10800.26429
1,0,1,0,0,1,0,1,50,2,1,8919.204643
1,1,0,0,1,0,0,1,51,6,4,7745.358929
1,0,1,0,0,1,0,1,52,5,3,9979.301071
1,1,1,0,0,0,0,1,53,5,1,10805.81429
1,1,0,1,0,0,0,1,50,3,0,9692.283571
1,0,0,0,0,1,1,1,54,1,1,12796.30357
1,1,0,0,0,0,1,1,50,4,4,7236.550357
1,0,1,0,0,1,0,1,53,0,1,41979.33214
1,0,1,0,0,1,0,1,52,4,4,9814.731071
1,0,1,0,0,1,0,1,53,4,1,10081.95643
1,0,1,0,0,1,0,1,52,2,1,9583.359643
1,1,1,0,0,0,0,1,54,5,6,11262.07857
1,1,0,1,0,0,0,1,52,5,0,10446.60357
1,1,0,0,0,0,1,1,52,1,4,10455.38214
1,0,1,0,0,1,0,1,55,1,4,13243.40714
1,0,1,0,0,1,0,1,52,3,5,9751.861071
1,0,0,0,0,1,1,1,50,1,6,8905.152857
1,0,0,0,1,1,0,1,51,1,2,9262.19
1,1,1,0,0,0,0,1,53,5,2,10812.17857
1,0,0,0,1,1,0,1,54,1,5,10216.56786
1,1,0,0,1,0,0,1,50,5,5,9633.6125
1,0,0,0,1,1,0,1,54,0,3,12829.96429
1,1,1,0,0,0,0,1,54,1,6,14082.46071
1,0,0,0,1,1,0,1,53,0,2,9857.774643
1,1,0,0,1,0,0,1,53,0,4,13566.06786
1,1,0,0,0,0,1,1,53,4,1,10854.52857
1,0,0,0,0,1,1,1,50,4,3,6788.521429
1,1,1,0,0,0,0,1,55,2,5,11924.73571
1,0,0,0,1,1,0,1,52,2,6,7494.632857
1,0,0,0,1,1,0,1,53,5,0,9893.648929
1,1,0,0,1,0,0,1,55,3,6,11673.53214
1,1,0,0,0,0,1,1,53,5,1,8215.606429
1,0,0,0,0,1,1,1,52,4,3,7265.464643
1,0,0,1,0,1,0,1,55,0,6,13298.95
1,0,0,0,0,1,1,1,50,1,5,8745.277143
1,1,1,0,0,0,0,1,51,4,5,10042.55607
1,0,0,1,0,1,0,1,52,5,0,9608.800357
1,0,0,1,0,1,0,1,54,3,1,10364.75714
1,0,1,0,0,1,0,1,54,3,5,10394.61786
1,0,0,1,0,1,0,1,54,1,0,23035.35357
1,0,0,1,0,1,0,1,55,3,5,10765.19286
1,1,0,0,1,0,0,1,51,6,2,10148.93143
1,1,0,0,0,0,1,1,54,3,2,11330.1
1,0,0,1,0,1,0,1,51,5,5,7022.495714
1,1,1,0,0,0,0,1,55,1,4,14503.73214
1,0,0,0,0,1,1,1,54,0,1,13143.52143
1,0,0,0,1,1,0,1,52,6,1,7461.558214
1,1,1,0,0,0,0,1,53,2,2,10852.02143
1,1,0,1,0,0,0,1,52,2,3,10485.41786
1,1,0,0,1,0,0,1,53,2,3,10899.86786
1,0,0,0,1,1,0,1,55,1,4,13235.12143
1,0,0,0,0,1,1,1,55,6,1,7958.74
1,0,0,0,0,1,1,1,50,2,2,8761.277857
1,0,0,0,0,1,1,1,51,5,4,6834.028214
1,0,0,0,0,1,1,1,50,1,0,17543.6
1,0,0,0,1,1,0,1,53,1,5,10018.70893
1,1,0,0,0,0,1,1,53,0,2,13752.06429
1,0,0,0,0,1,1,1,50,6,1,6615.538214
1,1,0,0,1,0,0,1,51,6,1,10241.35321
1,0,1,0,0,1,0,1,53,4,5,9878.282143
1,1,1,0,0,0,0,1,51,5,1,10042.00179
1,1,0,0,0,0,1,1,55,4,1,11635.82143
1,1,0,0,0,0,1,1,55,4,0,11601.69286
1,0,0,1,0,1,0,1,55,2,4,10659.96786
1,0,1,0,0,1,0,1,50,3,0,8826.060714
1,0,1,0,0,1,0,1,50,3,1,8795.108214
1,1,0,1,0,0,0,1,50,5,1,7200.895714
1,1,1,0,0,0,0,1,55,4,1,11732.22857
1,1,0,0,1,0,0,1,50,5,6,9700.518571
1,0,1,0,0,1,0,1,51,2,5,9337.723214
1,1,1,0,0,0,0,1,52,2,2,10471.23929
1,1,1,0,0,0,0,1,55,5,2,11659.87143
1,0,0,1,0,1,0,1,52,4,4,9616.897143
1,0,0,0,1,1,0,1,52,4,5,7234.396071
1,0,0,1,0,1,0,1,55,4,0,10750.93214
1,0,0,0,1,1,0,1,53,1,4,10259.83571
1,0,0,0,0,1,1,1,53,5,4,7757.186071
1,1,0,0,0,0,1,1,50,1,6,9811.640714
1,0,0,0,1,1,0,1,55,4,4,10636.35714
1,0,0,0,1,1,0,1,55,0,6,13175.69643
1,1,1,0,0,0,0,1,54,1,3,14219.95714
1,0,0,1,0,1,0,1,54,1,1,13006.175
1,1,0,0,1,0,0,1,53,1,1,13501.74286
1,1,0,0,0,0,1,1,53,6,1,8173.238214
1,1,0,0,0,0,1,1,55,1,2,14580.57857
1,0,0,0,1,1,0,1,53,6,3,9834.677857
1,1,0,0,1,0,0,1,50,6,0,7337.530357
1,0,1,0,0,1,0,1,53,6,4,9912.538929
1,1,0,1,0,0,0,1,52,2,0,10762.65
1,1,1,0,0,0,0,1,55,3,4,11671.46071
1,1,0,0,1,0,0,1,55,3,4,11651.575
1,1,0,0,1,0,0,1,52,4,6,10491.00357
1,1,0,0,0,0,1,1,50,4,1,9697.2075
1,1,0,1,0,0,0,1,51,0,6,15023.32857
1,0,0,0,1,1,0,1,51,5,1,9169.127143
1,0,0,0,0,1,1,1,50,6,6,6690.715357
1,1,0,1,0,0,0,1,51,1,3,10055.06071
1,0,0,1,0,1,0,1,53,0,4,14909.83571
1,1,0,0,1,0,0,1,51,2,0,9988.968214
1,0,0,0,0,1,1,1,52,4,5,7541.515
1,0,1,0,0,1,0,1,50,1,5,8925.218929
1,1,0,0,0,0,1,1,50,0,5,12113.725
1,0,1,0,0,1,0,1,55,4,4,10627.56786
1,0,0,1,0,1,0,1,51,6,5,6902.021071
1,0,1,0,0,1,0,1,51,2,4,9236.039286
1,1,0,0,1,0,0,1,51,5,4,7603.9575
1,1,0,0,1,0,0,1,50,0,5,9735.639643
1,1,1,0,0,0,0,1,55,6,1,11582.95714
1,0,0,1,0,1,0,1,51,5,2,9222.131071
1,0,0,1,0,1,0,1,50,1,3,8799.903214
1,1,1,0,0,0,0,1,51,2,3,10048.1025
1,1,0,0,0,0,1,1,53,3,1,10787.56429
1,1,0,1,0,0,0,1,55,5,5,11821.67857
1,0,0,1,0,1,0,1,53,0,5,14824.09643
1,0,0,0,1,1,0,1,54,0,6,12778.475
1,0,0,0,1,1,0,1,55,3,4,10568.86071
1,1,0,0,1,0,0,1,52,5,1,7931.466429
1,0,0,0,1,1,0,1,51,5,3,9130.739643
1,1,0,1,0,0,0,1,50,0,1,19228.01429
1,1,1,0,0,0,0,1,50,0,1,28787.18214
1,0,0,0,1,1,0,1,53,5,5,9878.416429
1,1,0,1,0,0,0,1,54,6,0,11299.1
1,0,0,1,0,1,0,1,55,3,2,10883.81429
1,1,0,0,1,0,0,1,53,5,4,10869.36786
1,1,0,1,0,0,0,1,53,0,1,24285.67857
1,0,0,0,0,1,1,1,53,6,0,7731.825714
1,0,0,0,1,1,0,1,55,2,4,10558.89643
1,0,1,0,0,1,0,1,51,0,5,13663.81786
1,1,0,1,0,0,0,1,53,3,4,10787.53929
1,0,1,0,0,1,0,1,55,0,4,15837.32857
1,1,0,0,1,0,0,1,50,0,6,9654.905
1,0,1,0,0,1,0,1,54,1,6,12834.25
1,0,0,0,1,1,0,1,52,1,4,9647.725357
1,0,0,1,0,1,0,1,53,4,6,9957.4675
1,1,0,1,0,0,0,1,51,1,1,12473.90714
1,1,1,0,0,0,0,1,52,1,3,13365.03929
1,1,0,0,1,0,0,1,54,3,0,11276.57857
1,0,0,1,0,1,0,1,53,3,6,9889.011786
1,1,0,0,0,0,1,1,54,4,1,11339.31786
1,1,0,0,1,0,0,1,55,2,2,11672.72857
1,0,0,0,0,1,1,1,50,0,3,10976.74286
1,1,0,0,0,0,1,1,55,6,5,8846.501429
1,1,0,0,0,0,1,1,55,5,2,8848.597857
1,1,0,0,1,0,0,1,50,1,0,14466.65357
1,1,0,0,1,0,0,1,53,5,6,10799.27143
1,0,0,0,0,1,1,1,53,1,5,10247.90214
1,0,0,1,0,1,0,1,50,5,2,6780.63
1,0,0,0,0,1,1,1,55,4,3,7981.634643
1,1,0,0,0,0,1,1,52,3,0,10469.65
1,0,0,0,1,1,0,1,52,4,1,7265.192143
1,1,0,1,0,0,0,1,55,6,5,11656.39286
1,0,0,0,1,1,0,1,53,6,0,9884.093929
1,1,0,0,0,0,1,1,55,0,5,14497.22857
1,0,0,1,0,1,0,1,51,0,3,11428.35714
1,0,0,0,1,1,0,1,53,4,2,9970.210357
1,0,0,1,0,1,0,1,52,0,2,12024.83214
1,1,1,0,0,0,0,1,50,0,4,14411.41786
1,1,0,0,1,0,0,1,53,3,4,10876.78214
1,1,1,0,0,0,0,1,51,1,4,12523.3
1,1,0,0,0,0,1,1,54,5,6,8478.072857
1,0,0,1,0,1,0,1,50,4,1,8971.338214
1,0,0,1,0,1,0,1,53,4,5,9884.145
1,1,0,0,0,0,1,1,53,4,2,10768.44643
1,0,0,0,1,1,0,1,51,1,6,7066.042143
1,1,0,0,1,0,0,1,53,6,4,10845.35
1,1,1,0,0,0,0,1,52,5,5,7817.7825
1,0,0,1,0,1,0,1,51,0,4,11572.41786
1,0,0,0,0,1,1,1,52,1,4,9612.325
1,0,0,0,1,1,0,1,52,4,3,7304.414286
1,1,0,0,0,0,1,1,53,0,5,13644.07143
1,1,0,1,0,0,0,1,53,2,6,10871.03929
1,0,1,0,0,1,0,1,51,2,1,9088.497857
1,1,0,0,0,0,1,1,55,4,5,8702.518571
1,0,0,1,0,1,0,1,52,1,1,11921.90357
1,1,0,0,0,0,1,1,55,1,1,14473.49286
1,1,0,1,0,0,0,1,55,4,1,11821.56786
1,0,0,1,0,1,0,1,50,1,4,8936.5375
1,0,0,1,0,1,0,1,55,6,3,10859.52857
1,1,1,0,0,0,0,1,50,2,3,9634.164286
1,0,0,1,0,1,0,1,54,1,4,10264.4
1,1,0,1,0,0,0,1,51,6,1,10176.08429
1,0,0,1,0,1,0,1,54,0,4,15478.73929
1,0,0,0,0,1,1,1,52,2,4,9873.564286
1,0,1,0,0,1,0,1,53,0,3,15012.70357
1,0,0,0,1,1,0,1,54,5,3,10190.85357
1,0,0,0,0,1,1,1,54,0,2,12841.15
1,1,0,0,0,0,1,1,51,6,5,7577.328214
1,0,1,0,0,1,0,1,55,2,4,10547.31071
1,1,0,0,1,0,0,1,54,6,5,11264.31786
1,1,0,0,0,0,1,1,54,4,3,11312.93929
1,1,0,1,0,0,0,1,51,1,2,10175.52607
1,1,0,1,0,0,0,1,52,1,1,13020.71786
1,1,1,0,0,0,0,1,54,2,2,11272.61786
1,0,0,0,1,1,0,1,54,4,3,10312.175
1,1,0,0,0,0,1,1,51,2,4,10092.46786
1,0,0,0,1,1,0,1,54,4,6,10259.8
1,1,0,0,1,0,0,1,55,2,1,14491.07857
1,1,0,0,0,0,1,1,55,4,4,8813.534286
1,0,0,1,0,1,0,1,55,4,1,10625.59286
1,0,1,0,0,1,0,1,50,4,6,9031.662143
1,0,0,1,0,1,0,1,50,5,6,6731.995357
1,0,0,0,0,1,1,1,53,1,6,10111.58893
1,0,0,1,0,1,0,1,55,1,6,10685.25357
1,1,0,0,0,0,1,1,55,6,6,8776.637857
1,0,1,0,0,1,0,1,54,0,3,15478.12143
1,0,0,0,0,1,1,1,52,6,2,7277.774286
1,1,0,0,1,0,0,1,52,1,1,13174.08929
1,1,0,1,0,0,0,1,52,5,2,10450.35
1,0,0,0,1,1,0,1,51,1,0,11391.13571
1,1,0,1,0,0,0,1,53,1,6,10850.48214
1,0,0,0,0,1,1,1,55,5,5,8079.199286
1,1,0,1,0,0,0,1,55,1,2,14652.475
1,0,0,1,0,1,0,1,54,0,2,15361.44286
1,0,0,0,0,1,1,1,54,3,2,10399.86071
1,1,0,1,0,0,0,1,55,2,1,11633.65357
1,0,0,0,0,1,1,1,52,5,3,7396.723571
1,1,0,0,0,0,1,1,51,0,1,18011.26071
1,1,0,0,1,0,0,1,53,4,5,10787.73214
1,1,1,0,0,0,0,1,55,0,5,17394.66071
1,0,0,0,1,1,0,1,54,3,0,10337.80357
1,0,0,0,1,1,0,1,50,6,1,6656.536429
1,0,0,0,1,1,0,1,50,1,0,11031.32143
1,0,0,0,1,1,0,1,52,6,5,9624.289643
1,0,1,0,0,1,0,1,53,3,5,10134.58179
1,1,0,1,0,0,0,1,51,2,1,10018.90821
1,1,0,0,1,0,0,1,55,0,3,14606.89286
1,1,0,0,0,0,1,1,53,2,5,10853.17857
1,1,1,0,0,0,0,1,52,4,2,10487.91071
1,0,0,0,0,1,1,1,54,2,1,10193.07143
1,1,1,0,0,0,0,1,53,3,6,10938.86429
1,0,1,0,0,1,0,1,53,2,4,9867.480357
1,0,0,1,0,1,0,1,50,4,6,6686.810357
1,1,1,0,0,0,0,1,55,2,4,11612.6
1,1,1,0,0,0,0,1,51,6,2,7531.559643
1,0,0,1,0,1,0,1,53,0,3,12336.37857
1,1,0,0,0,0,1,1,50,6,6,7197.618929
1,1,0,0,0,0,1,1,54,1,2,14157.30714
1,0,0,1,0,1,0,1,50,6,5,6599.879286
1,0,0,0,0,1,1,1,51,6,0,6950.106071
1,1,1,0,0,0,0,1,51,3,0,10029.83643
1,1,0,1,0,0,0,1,52,3,0,10492.16071
1,1,0,0,1,0,0,1,55,5,6,11688.21071
1,1,0,0,1,0,0,1,51,0,6,7627.106786
1,1,0,0,0,0,1,1,54,5,2,11269.84286
1,1,0,1,0,0,0,1,55,6,6,11700.17143
1,1,0,0,1,0,0,1,55,5,3,11635.97143
1,1,1,0,0,0,0,1,52,3,0,10526.27857
1,1,0,1,0,0,0,1,51,6,4,7648.372857
1,1,0,0,1,0,0,1,55,3,1,11662.07857
1,1,0,1,0,0,0,1,53,2,3,11017.72857
1,1,0,0,1,0,0,1,51,3,1,7676.810714
1,0,1,0,0,1,0,1,53,4,2,10000.27679
1,0,0,0,1,1,0,1,54,1,2,12821.52143
1,0,0,1,0,1,0,1,50,2,4,8815.591429
1,0,0,0,1,1,0,1,54,5,4,10239.61429
1,0,0,1,0,1,0,1,51,3,3,9231.426071
1,0,0,0,0,1,1,1,51,4,0,9123.343214
1,1,1,0,0,0,0,1,54,0,4,17026.29643
1,1,0,1,0,0,0,1,53,4,0,10823.03214
1,0,0,0,0,1,1,1,53,1,1,12471.20357
1,1,0,0,1,0,0,1,50,2,1,7395.055
1,1,0,1,0,0,0,1,54,3,6,11298.66071
1,1,1,0,0,0,0,1,54,5,3,11312.33571
1,1,0,0,1,0,0,1,52,5,2,10607.56071
1,0,0,1,0,1,0,1,50,4,4,8833.811429
1,1,0,1,0,0,0,1,52,4,4,10437.16786
1,0,0,1,0,1,0,1,52,2,4,9619.466786
1,1,0,0,1,0,0,1,52,3,6,8022.623571
1,1,0,0,1,0,0,1,52,1,4,10674.40714
1,0,0,1,0,1,0,1,53,1,3,9865.032143
1,0,0,0,0,1,1,1,51,4,1,9076.506429
1,1,0,1,0,0,0,1,51,0,4,12549.30714
1,1,0,1,0,0,0,1,51,0,1,20116.15357
1,0,0,0,0,1,1,1,54,2,6,10574.18571
1,0,0,1,0,1,0,1,54,2,0,10310.41786
1,0,0,1,0,1,0,1,55,5,0,10745.72857
1,1,0,0,1,0,0,1,52,5,6,10474.08929
1,1,1,0,0,0,0,1,52,2,0,13210.85357
1,1,0,1,0,0,0,1,55,5,4,11699.18929
1,1,0,1,0,0,0,1,54,4,2,11201.67143
1,1,0,1,0,0,0,1,54,6,2,11226.37143
1,1,1,0,0,0,0,1,54,4,1,11243.825
1,0,1,0,0,1,0,1,53,2,6,10082.10464
1,1,1,0,0,0,0,1,54,0,5,16839.80714
1,0,0,0,1,1,0,1,50,5,4,8829.408929
1,1,1,0,0,0,0,1,52,5,3,10621.36071
1,0,0,1,0,1,0,1,50,2,1,8793.119286
1,0,0,1,0,1,0,1,53,6,2,9882.412857
1,0,0,0,1,1,0,1,52,1,5,9659.768214
1,0,0,1,0,1,0,1,54,4,0,10301.075
1,0,1,0,0,1,0,1,50,5,5,6590.012143
1,0,0,0,1,1,0,1,50,0,4,8907.062143
1,0,0,1,0,1,0,1,51,1,6,9233.630357
1,0,0,1,0,1,0,1,54,5,0,10292.15357
1,0,1,0,0,1,0,1,51,5,2,9084.885357
1,0,0,1,0,1,0,1,54,5,1,10385.99643
1,0,0,1,0,1,0,1,52,1,6,9528.759643
1,0,1,0,0,1,0,1,51,1,2,11399.9
1,0,0,1,0,1,0,1,50,1,0,13537.71071
1,0,0,1,0,1,0,1,54,5,4,10306.45714
1,1,1,0,0,0,0,1,50,4,6,7382.656786
1,1,0,1,0,0,0,1,54,6,6,8520.446429
1,1,0,0,0,0,1,1,53,4,6,8145.609286
1,1,0,1,0,0,0,1,51,1,0,20062.48929
1,0,0,0,1,1,0,1,53,2,2,9834.140714
1,0,1,0,0,1,0,1,54,2,6,10379.77857
1,0,1,0,0,1,0,1,55,1,2,13184.58929
1,0,0,0,0,1,1,1,53,2,5,10101.76714
1,0,0,1,0,1,0,1,50,0,6,11050.18571
1,0,0,0,0,1,1,1,55,3,3,10639.21071
1,1,0,0,1,0,0,1,52,4,1,7849.4875
1,0,0,1,0,1,0,1,52,1,3,9573.6275
1,1,1,0,0,0,0,1,51,0,4,14951.04643
1,0,0,1,0,1,0,1,50,1,5,8880.063929
1,1,0,0,1,0,0,1,52,6,3,7882.502143
1,1,0,0,0,0,1,1,55,6,1,8716.209286
1,1,0,0,1,0,0,1,54,1,3,14144.575
1,1,0,1,0,0,0,1,51,3,0,10047.54214
1,1,1,0,0,0,0,1,50,6,1,7337.192143
1,0,0,0,1,1,0,1,52,0,6,9880.354286
1,1,0,1,0,0,0,1,54,2,0,11189.70357
1,0,1,0,0,1,0,1,52,4,6,9748.8625
1,0,0,1,0,1,0,1,54,4,6,10343.99286
1,0,0,0,1,1,0,1,51,6,4,9232.578929
1,0,0,0,0,1,1,1,51,3,0,9205.193929
1,0,0,1,0,1,0,1,53,4,3,9883.890357
1,1,0,0,1,0,0,1,55,6,6,11682.825
1,0,0,0,1,1,0,1,53,3,1,9885.998214
1,0,0,1,0,1,0,1,52,2,0,9602.479286
1,0,1,0,0,1,0,1,50,5,6,6575.885714
1,0,0,0,0,1,1,1,50,6,4,6635.813929
1,0,0,0,1,1,0,1,50,0,6,7028.714286
1,1,0,0,1,0,0,1,52,5,3,7994.454643
1,1,0,0,1,0,0,1,52,6,4,7894.886071
1,0,1,0,0,1,0,1,55,1,0,34370.3
1,1,1,0,0,0,0,1,53,5,5,10863.05357
1,0,0,1,0,1,0,1,51,3,6,9405.4475
1,1,0,1,0,0,0,1,55,1,6,11658.51786
1,1,1,0,0,0,0,1,53,5,6,10828.7
1,0,1,0,0,1,0,1,55,5,5,10573.6
1,1,1,0,0,0,0,1,54,4,6,11225.59643
1,0,0,0,0,1,1,1,51,5,2,6913.948929
1,1,0,0,0,0,1,1,55,0,1,20324.71429
1,1,1,0,0,0,0,1,52,6,4,7924.688571
1,0,0,0,0,1,1,1,54,5,2,7824.036429
1,0,1,0,0,1,0,1,53,2,1,10515.67643
1,0,1,0,0,1,0,1,52,3,6,9965.593929
1,0,0,1,0,1,0,1,53,1,1,12590.63214
1,1,0,0,0,0,1,1,53,3,2,10992.32857
1,1,0,0,0,0,1,1,53,3,4,10786.34286
1,1,1,0,0,0,0,1,51,3,2,9968.660714
1,0,0,0,1,1,0,1,52,6,2,7220.901786
1,1,0,1,0,0,0,1,51,3,5,10126.46786
1,1,0,0,0,0,1,1,53,5,4,8172.819643
1,1,1,0,0,0,0,1,53,4,1,10762.73214
1,0,0,0,0,1,1,1,50,6,2,6567.896429
1,0,0,0,1,1,0,1,50,6,0,6620.012857
1,1,0,0,0,0,1,1,53,1,0,21707.62857
1,1,0,1,0,0,0,1,52,5,1,10411.49286
1,0,1,0,0,1,0,1,51,3,2,9088.079643
1,1,0,0,0,0,1,1,53,6,0,8122.217857
1,0,0,1,0,1,0,1,55,4,4,10721.28929
1,0,0,1,0,1,0,1,51,4,6,7022.481786
1,0,1,0,0,1,0,1,55,3,4,10632.30714
1,0,0,1,0,1,0,1,54,4,3,10295.66786
1,1,0,0,0,0,1,1,53,5,3,8091.986786
1,1,0,1,0,0,0,1,55,6,0,11633.61786
1,0,1,0,0,1,0,1,50,4,5,8791.951071
1,1,0,0,0,0,1,1,51,2,0,9994.533571
1,0,0,0,0,1,1,1,53,1,4,9913.595357
1,0,0,0,0,1,1,1,52,4,6,7286.683214
1,1,0,0,0,0,1,1,54,2,0,11201.775
1,1,0,1,0,0,0,1,55,0,6,14640.82143
1,1,1,0,0,0,0,1,54,0,2,19801.98571
1,1,0,0,0,0,1,1,53,2,2,10970.62143
1,0,0,0,0,1,1,1,50,5,6,6773.457857
1,0,0,0,1,1,0,1,51,5,5,6844.210357
1,0,0,0,1,1,0,1,50,0,1,13218.68929
1,1,0,1,0,0,0,1,51,0,5,12620.76429
1,1,0,1,0,0,0,1,51,4,2,9987.572143
1,0,1,0,0,1,0,1,54,4,0,10204.70714
1,1,0,1,0,0,0,1,50,2,3,9661.805
1,0,0,0,1,1,0,1,50,6,6,8814.783214
1,0,1,0,0,1,0,1,52,3,4,9808.204643
1,1,1,0,0,0,0,1,54,5,2,11298.8
1,0,0,1,0,1,0,1,54,1,2,10341.69643
1,0,0,1,0,1,0,1,51,3,2,9268.971071
1,1,1,0,0,0,0,1,50,6,2,7227.581071
1,1,0,0,0,0,1,1,50,5,6,7401.405
1,0,0,0,0,1,1,1,52,6,3,7210.3925
1,1,1,0,0,0,0,1,55,1,1,14887.46071
1,1,0,1,0,0,0,1,53,1,0,21636.46429
1,1,0,0,1,0,0,1,50,4,6,9684.131071
1,0,0,0,0,1,1,1,50,3,6,6571.3275
1,0,1,0,0,1,0,1,53,3,1,9896.942143
1,0,1,0,0,1,0,1,51,5,5,6984.516429
1,1,0,0,0,0,1,1,52,4,6,7822.188571
1,0,0,0,0,1,1,1,55,5,2,7933.427143
1,1,0,0,0,0,1,1,55,3,2,11593.43571
1,1,0,1,0,0,0,1,53,6,1,10908.94643
1,0,0,1,0,1,0,1,51,2,1,9204.694643
1,0,1,0,0,1,0,1,51,6,3,6875.321786
1,1,0,0,1,0,0,1,53,4,6,10863.99286
1,0,1,0,0,1,0,1,54,4,3,10248.2
1,1,0,0,1,0,0,1,55,0,1,23177.10714
1,1,0,1,0,0,0,1,54,3,5,11254.40357
1,1,0,1,0,0,0,1,53,5,0,10808.01786
1,1,0,0,0,0,1,1,50,3,0,10002.28929
1,0,0,0,0,1,1,1,54,6,1,8059.267143
1,0,1,0,0,1,0,1,54,5,2,10365.95714
1,1,0,1,0,0,0,1,50,2,4,9716.084643
1,1,0,0,0,0,1,1,51,2,3,9969.311429
1,1,0,1,0,0,0,1,50,4,1,9633.616071
1,1,0,0,0,0,1,1,55,0,3,14506.42857
1,1,1,0,0,0,0,1,55,1,0,32063.72143
1,0,0,0,0,1,1,1,54,1,5,10188.05714
1,0,0,0,0,1,1,1,50,2,1,8840.397143
1,0,1,0,0,1,0,1,52,6,0,9641.675
1,0,0,0,0,1,1,1,55,6,5,7918.338214
1,0,1,0,0,1,0,1,53,0,4,14984.98214
1,1,1,0,0,0,0,1,51,0,6,15188.375
1,0,0,0,0,1,1,1,50,6,3,6672.104643
1,0,0,1,0,1,0,1,51,5,0,9333.746429
1,1,0,0,1,0,0,1,52,3,2,8113.378571
1,0,0,0,0,1,1,1,54,6,6,7947.12
1,1,1,0,0,0,0,1,50,2,5,9660.893214
1,0,0,1,0,1,0,1,51,6,3,6884.107857
1,1,1,0,0,0,0,1,55,6,2,11619.65
1,0,0,0,1,1,0,1,51,4,2,9181.253571
1,1,0,0,1,0,0,1,53,6,6,10849.95714
1,1,0,0,0,0,1,1,53,3,6,8276.780714
1,1,0,0,1,0,0,1,50,6,5,9775.491071
1,1,0,0,0,0,1,1,52,5,3,7818.220357
1,1,0,0,0,0,1,1,55,5,6,8738.502143
1,1,0,0,0,0,1,1,50,3,2,9829.345357
1,0,0,0,1,1,0,1,52,0,2,9626.771071
1,1,1,0,0,0,0,1,53,6,1,10848.5
1,0,0,1,0,1,0,1,55,4,2,10671.00714
1,0,0,0,0,1,1,1,51,5,1,6910.433571
1,0,0,1,0,1,0,1,51,6,2,7029.800714
1,0,0,0,1,1,0,1,55,5,1,10598.41786
1,0,0,0,0,1,1,1,52,4,2,9934.675
1,0,0,0,1,1,0,1,53,3,5,9817.643929
1,1,0,1,0,0,0,1,55,3,4,11613.78571
1,0,1,0,0,1,0,1,50,4,1,8753.069643
1,1,0,0,1,0,0,1,55,3,2,11592.97857
1,1,1,0,0,0,0,1,54,3,1,11281.45714
1,0,1,0,0,1,0,1,51,3,4,9158.237143
1,0,0,1,0,1,0,1,51,5,4,9157.316429
1,0,1,0,0,1,0,1,50,4,0,8752.993214
1,0,0,0,1,1,0,1,50,1,3,10955.47143
1,0,0,1,0,1,0,1,50,5,5,6647.9425
1,0,0,1,0,1,0,1,51,1,5,9279.212143
1,0,1,0,0,1,0,1,54,2,1,10360.35
1,1,0,0,0,0,1,1,50,6,5,7504.136071
1,0,0,0,1,1,0,1,55,1,5,10708.68214
1,1,0,0,0,0,1,1,51,6,2,7530.223571
1,0,0,0,0,1,1,1,55,6,4,7937.0025
1,0,0,0,1,1,0,1,52,0,3,9791.786786
1,1,0,0,1,0,0,1,51,3,6,7614.553214
1,1,1,0,0,0,0,1,54,5,4,11255.13929
1,0,0,0,1,1,0,1,51,2,3,6967.7875
1,1,0,0,0,0,1,1,51,2,6,9970.569286
1,1,0,0,0,0,1,1,52,0,2,13157.59643
1,1,0,0,1,0,0,1,53,1,2,13660.53214
1,1,0,0,0,0,1,1,51,3,3,10071.21071
1,1,0,1,0,0,0,1,53,4,6,10816.32857
1,1,1,0,0,0,0,1,53,0,1,37938.39286
1,0,0,0,0,1,1,1,55,1,6,10618.17143
1,1,0,0,0,0,1,1,50,3,3,9645.025357
1,1,0,1,0,0,0,1,54,6,3,8433.668214
1,1,1,0,0,0,0,1,53,5,0,10834.125
1,1,0,0,1,0,0,1,55,5,1,11610.54643
1,1,0,1,0,0,0,1,55,3,0,11832.55
1,1,0,1,0,0,0,1,52,6,1,7862.335714
1,1,1,0,0,0,0,1,50,4,2,9611.813571
1,0,0,0,1,1,0,1,50,4,1,6793.590357
1,0,1,0,0,1,0,1,50,1,0,26361.95357
1,0,0,0,1,1,0,1,50,5,0,6566.460357
1,1,0,0,0,0,1,1,54,4,4,8538.686786
1,1,0,0,0,0,1,1,55,0,6,14492.79643
1,1,0,1,0,0,0,1,52,1,3,10408.51071
1,1,1,0,0,0,0,1,53,1,4,13490.12857
1,0,1,0,0,1,0,1,55,4,5,10611.68929
1,1,0,0,0,0,1,1,50,6,4,7232.701071
1,1,0,0,0,0,1,1,53,6,6,8223.383929
1,0,1,0,0,1,0,1,50,6,1,6647.824643
1,1,0,0,1,0,0,1,55,3,0,11639.05357
1,1,0,1,0,0,0,1,55,6,2,11741.11786
1,0,0,0,0,1,1,1,51,6,2,6835.28
1,0,1,0,0,1,0,1,50,0,3,13139.53571
1,0,0,0,0,1,1,1,50,3,0,8862.484286
1,0,1,0,0,1,0,1,51,2,0,11420.83571
1,0,0,1,0,1,0,1,50,3,0,8809.896786
1,0,0,0,0,1,1,1,53,3,5,7620.214286
1,1,1,0,0,0,0,1,52,3,5,10471.86786
1,0,0,1,0,1,0,1,51,3,5,9179.054643
1,1,0,0,0,0,1,1,50,5,2,7319.558571
1,0,0,0,1,1,0,1,54,4,5,10194.81429
1,0,0,0,1,1,0,1,55,0,4,13239.7
1,1,0,1,0,0,0,1,50,5,4,9713.666786
1,0,1,0,0,1,0,1,51,6,5,6866.598929
1,0,0,0,1,1,0,1,50,0,5,6713.296071
1,1,0,0,1,0,0,1,50,4,1,7210.241071
1,0,1,0,0,1,0,1,50,2,0,8818.461429
1,1,0,1,0,0,0,1,50,1,3,9600.6725
1,0,1,0,0,1,0,1,55,6,2,10563.37143
1,0,0,0,0,1,1,1,55,1,5,10623.80714
1,1,0,0,1,0,0,1,51,3,0,7531.974286
1,0,1,0,0,1,0,1,52,4,2,9913.1525
1,1,0,0,1,0,0,1,55,1,4,14527.62143
1,1,0,0,1,0,0,1,53,1,3,13501.47857
1,1,0,0,0,0,1,1,50,4,3,7252.925357
1,0,0,0,1,1,0,1,55,5,5,10549.21429
1,1,0,1,0,0,0,1,54,3,1,11357.05714
1,1,1,0,0,0,0,1,54,6,2,11241.1
1,1,0,1,0,0,0,1,50,0,5,12077.69286
1,1,0,0,1,0,0,1,50,4,2,7304.731786
1,1,1,0,0,0,0,1,50,6,5,7360.243214
1,1,0,1,0,0,0,1,52,3,3,10402.34286
1,0,0,0,1,1,0,1,52,5,5,9678.388214
1,0,0,0,0,1,1,1,53,5,2,7654.031786
1,1,0,0,1,0,0,1,54,5,0,11377.42143
1,1,0,1,0,0,0,1,55,3,1,11630.21786
1,0,0,0,1,1,0,1,50,2,4,8930.216786
1,0,0,1,0,1,0,1,54,0,1,20607.25714
1,1,0,1,0,0,0,1,54,0,5,14006.14286
1,0,1,0,0,1,0,1,50,1,1,10996.84286
1,1,0,1,0,0,0,1,54,5,2,11251.1
1,0,0,0,0,1,1,1,52,3,6,7272.307143
1,1,0,0,0,0,1,1,50,2,6,9687.888214
1,0,0,0,1,1,0,1,55,2,6,10548.66786
1,1,0,0,0,0,1,1,53,0,1,21736.61071
1,0,0,0,0,1,1,1,53,3,6,7577.797143
1,1,1,0,0,0,0,1,50,3,2,9610.065357
1,0,1,0,0,1,0,1,54,4,1,10347.71429
1,0,0,1,0,1,0,1,52,1,5,9574.142857
1,1,0,0,1,0,0,1,50,5,4,9618.492857
1,1,0,0,0,0,1,1,52,4,0,10478.16071
1,0,0,0,1,1,0,1,54,6,2,10192.35357
1,1,0,0,1,0,0,1,54,1,6,11188.45714
1,1,0,0,0,0,1,1,51,6,6,7627.575
1,1,0,0,1,0,0,1,51,4,6,7640.78
1,1,0,0,0,0,1,1,55,3,3,11816.925
1,1,1,0,0,0,0,1,50,6,3,7206.391429
1,0,0,0,0,1,1,1,50,5,1,6733.779286
1,1,1,0,0,0,0,1,53,4,4,10878.08214
1,1,0,0,1,0,0,1,51,6,0,7533.093571
1,1,0,1,0,0,0,1,50,0,6,12044.20357
1,1,0,0,1,0,0,1,53,2,6,10783.43929
1,0,0,0,1,1,0,1,52,5,6,9678.488214
1,1,0,0,0,0,1,1,52,1,1,13012.26429
1,1,0,1,0,0,0,1,50,2,1,9605.202143
1,0,0,1,0,1,0,1,55,4,3,10709.39286
1,0,0,0,0,1,1,1,54,5,5,7640.625357
1,0,0,0,1,1,0,1,51,4,4,6890.222857
1,0,0,0,1,1,0,1,55,3,2,10580.72143
1,1,0,1,0,0,0,1,50,4,3,9660.106071
1,0,0,1,0,1,0,1,53,2,0,10082.86357
1,1,0,0,1,0,0,1,52,6,6,10491.32857
1,1,0,0,1,0,0,1,52,2,5,10422.78571
1,0,0,0,1,1,0,1,55,0,3,13223.84286
1,1,0,1,0,0,0,1,50,0,4,12230.86429
1,0,0,0,1,1,0,1,53,0,3,12294.38571
1,0,0,0,0,1,1,1,54,3,5,10260.35714
1,1,0,0,1,0,0,1,51,0,3,12558.48214
1,1,1,0,0,0,0,1,54,2,5,11262.85
1,0,0,1,0,1,0,1,53,1,0,22299.70357
1,1,0,0,1,0,0,1,54,4,5,11219.03571
1,0,0,0,1,1,0,1,53,5,3,9868.681429
1,1,0,1,0,0,0,1,54,2,4,11229.06071
1,1,0,0,0,0,1,1,51,3,5,7626.633214
1,1,0,1,0,0,0,1,54,4,3,11278.07143
1,1,0,0,1,0,0,1,53,3,2,10800.88214
1,0,0,0,1,1,0,1,52,0,4,9665.245714
1,0,0,0,0,1,1,1,55,0,3,13207.38214
1,0,0,1,0,1,0,1,53,5,2,10079.88607
1,1,0,0,1,0,0,1,53,0,5,13508.69643
1,0,0,0,1,1,0,1,53,1,1,9809.985714
1,1,1,0,0,0,0,1,54,1,0,31002.125
1,1,1,0,0,0,0,1,54,1,2,14060.82143
1,1,0,1,0,0,0,1,50,0,2,12156.51786
1,1,0,0,0,0,1,1,53,5,2,8136.414643
1,1,0,0,1,0,0,1,52,4,2,10544.56429
1,1,0,1,0,0,0,1,55,6,4,8738.042857
1,0,0,0,1,1,0,1,52,3,3,7479.233571
1,1,0,0,0,0,1,1,55,1,5,11712.83214
1,1,0,0,1,0,0,1,50,3,4,9620.666071
1,1,0,0,1,0,0,1,54,6,2,11308.27857
1,0,0,0,1,1,0,1,50,6,4,8768.433929
1,1,0,0,0,0,1,1,55,4,2,11656.12857
1,0,0,0,0,1,1,1,52,6,5,7313.484643
1,0,0,0,0,1,1,1,52,6,4,7260.375714
1,0,0,0,0,1,1,1,55,1,4,10656.11071
1,0,0,0,0,1,1,1,50,5,5,6634.743571
1,0,0,1,0,1,0,1,52,6,5,7156.731786
1,0,0,0,1,1,0,1,52,0,1,16783.88571
1,1,1,0,0,0,0,1,54,4,4,11265.71071
1,1,1,0,0,0,0,1,54,6,6,11203.85714
1,1,0,0,0,0,1,1,52,5,1,7913.074286
1,0,1,0,0,1,0,1,55,6,5,10673.58571
1,0,0,1,0,1,0,1,55,0,1,21222.46786
1,0,1,0,0,1,0,1,51,1,6,9188.268929
1,1,0,0,0,0,1,1,54,1,4,11325.12857
1,0,0,0,1,1,0,1,55,1,1,10582.38214
1,0,1,0,0,1,0,1,51,0,1,38615.55357
1,0,0,0,0,1,1,1,55,3,0,10668.19286
1,0,0,0,0,1,1,1,51,6,1,6866.978929
1,1,0,0,0,0,1,1,53,4,3,8241.100714
1,1,0,0,0,0,1,1,51,5,6,7720.673929
1,0,0,0,0,1,1,1,52,6,0,7435.688929
1,1,1,0,0,0,0,1,52,4,6,10490.16786
1,1,0,0,0,0,1,1,54,3,1,11266.20357
1,1,0,0,1,0,0,1,50,0,1,17204.00714
1,0,1,0,0,1,0,1,52,4,0,9623.4025
1,1,0,0,1,0,0,1,52,5,4,7915.478571
1,0,1,0,0,1,0,1,54,5,0,10518.12857
1,1,0,0,1,0,0,1,50,0,4,7303.246429
1,1,0,0,1,0,0,1,51,5,1,9984.162857
1,1,1,0,0,0,0,1,52,3,6,10479.35714
1,1,0,1,0,0,0,1,51,1,5,10049.67071
1,0,0,0,1,1,0,1,55,6,5,10813.64286
1,1,0,0,0,0,1,1,54,3,6,8612.562143
1,1,0,0,0,0,1,1,55,6,3,8780.5575
1,0,0,1,0,1,0,1,53,1,2,9883.741786
1,1,0,1,0,0,0,1,53,4,3,10837.4
1,0,1,0,0,1,0,1,52,1,1,12343.875
1,0,0,0,1,1,0,1,54,2,2,10242.53929
1,1,0,0,1,0,0,1,52,4,0,7854.093214
1,0,0,0,0,1,1,1,51,3,4,6850.206071
1,0,0,0,0,1,1,1,55,5,6,7917.624286
1,0,0,1,0,1,0,1,50,6,2,6652.707143
1,1,0,0,1,0,0,1,50,3,5,9638.307857
1,1,0,0,1,0,0,1,51,1,3,10107.5275
1,1,1,0,0,0,0,1,50,6,6,7332.303571
1,0,0,0,0,1,1,1,55,3,5,10553.01429
1,0,0,1,0,1,0,1,52,3,4,9730.456429
1,0,0,0,1,1,0,1,50,5,2,6713.266429
1,1,0,0,1,0,0,1,52,1,2,13067.02143
1,0,0,0,0,1,1,1,51,6,4,6872.612143
1,0,1,0,0,1,0,1,50,2,3,8782.966071
1,0,0,0,1,1,0,1,50,4,0,6578.662857
1,1,0,0,1,0,0,1,54,3,2,11278.51786
1,0,0,0,0,1,1,1,54,1,6,10445.20714
1,0,0,0,1,1,0,1,50,1,2,8892.2525
1,1,0,0,0,0,1,1,54,0,3,14026.46786
1,1,1,0,0,0,0,1,51,4,1,10115.55929
1,0,1,0,0,1,0,1,53,5,0,10102.73179
1,0,0,0,0,1,1,1,51,5,0,9104.08
1,1,0,1,0,0,0,1,52,5,3,10397.99643
1,0,1,0,0,1,0,1,50,5,4,6831.700357
1,1,0,0,0,0,1,1,52,2,5,10549.62857
1,1,0,0,1,0,0,1,54,0,6,14171.43571
1,0,0,0,0,1,1,1,55,2,4,10552.08571
1,1,1,0,0,0,0,1,52,6,6,7873.813929
1,1,0,1,0,0,0,1,54,0,1,22786.11786
1,0,0,0,1,1,0,1,53,6,4,9829.940357
1,0,1,0,0,1,0,1,54,3,0,10761.5
1,0,0,1,0,1,0,1,51,0,6,11520.95357
1,1,0,0,1,0,0,1,52,3,1,7873.001429
1,1,0,0,1,0,0,1,53,5,2,10895.84286
1,0,0,0,0,1,1,1,50,4,5,6669.8675
1,0,0,0,0,1,1,1,54,2,2,10404.19643
1,1,1,0,0,0,0,1,52,4,5,10486.15714
1,1,0,1,0,0,0,1,51,1,6,9990.495
1,0,0,1,0,1,0,1,55,6,4,10757.12143
1,0,0,0,0,1,1,1,50,3,3,8818.212143
1,0,0,1,0,1,0,1,55,2,2,10758.96071
1,1,0,0,1,0,0,1,50,2,4,9615.6225
1,1,0,0,0,0,1,1,55,5,0,11601.75714
1,0,0,0,0,1,1,1,55,1,1,13378.03571
1,0,0,0,1,1,0,1,53,2,0,10013.13357
1,1,0,1,0,0,0,1,55,1,5,11627.66071
1,1,0,0,1,0,0,1,54,6,1,11205.28929
1,0,0,1,0,1,0,1,51,0,2,11450.8
1,0,0,0,1,1,0,1,53,2,3,9815.322857
1,1,0,1,0,0,0,1,54,0,4,14054.99643
1,0,0,1,0,1,0,1,54,2,6,12951.625
1,0,0,0,1,1,0,1,51,3,1,9102.580714
1,1,1,0,0,0,0,1,53,6,0,10842.30357
1,0,0,0,0,1,1,1,52,1,1,12343.79643
1,0,1,0,0,1,0,1,52,6,3,7284.31
1,1,1,0,0,0,0,1,53,4,5,10781.81786
1,0,1,0,0,1,0,1,51,4,1,9157.998214
1,0,1,0,0,1,0,1,55,4,3,10549.575
1,1,0,1,0,0,0,1,52,5,5,10494.31429
1,0,0,1,0,1,0,1,51,2,0,9132.968571
1,0,0,0,1,1,0,1,54,6,4,10314.31071
1,1,0,0,0,0,1,1,54,5,3,8412.302857
1,1,0,1,0,0,0,1,52,4,3,10469.44643
1,1,0,1,0,0,0,1,53,4,4,10927.04643
1,1,0,0,1,0,0,1,53,6,1,10844.95357
1,0,1,0,0,1,0,1,51,6,1,6933.268214
1,0,0,0,0,1,1,1,54,3,1,10310.97857
1,0,0,0,1,1,0,1,54,1,1,10240.36429
1,0,0,0,1,1,0,1,51,1,1,9078.679643
1,1,0,1,0,0,0,1,53,3,0,10975.36429
1,0,0,0,0,1,1,1,55,1,3,10788.20357
1,0,1,0,0,1,0,1,52,6,4,7402.7725
1,0,0,1,0,1,0,1,52,4,3,9629.681786
1,0,0,1,0,1,0,1,55,3,4,10796.10714
1,0,0,0,1,1,0,1,50,6,5,8793.626429
1,0,0,0,0,1,1,1,53,1,0,19852.66429
1,1,1,0,0,0,0,1,54,2,3,11251.03571
1,1,0,0,0,0,1,1,54,2,2,11422.38214
1,0,0,1,0,1,0,1,55,1,3,10632.48929
1,1,1,0,0,0,0,1,51,5,2,10043.63464
1,1,1,0,0,0,0,1,51,1,2,12666.4
1,0,1,0,0,1,0,1,55,3,0,10613.82857
1,1,1,0,0,0,0,1,51,0,1,34956.30714
1,0,0,1,0,1,0,1,52,5,3,7311.658929
1,0,0,0,1,1,0,1,55,3,1,10559.60357
1,1,0,1,0,0,0,1,54,6,5,8409.915357
1,0,0,1,0,1,0,1,53,5,4,9876.471429
1,0,1,0,0,1,0,1,53,5,2,9864.553929
1,0,1,0,0,1,0,1,52,0,3,14641.43214
1,0,1,0,0,1,0,1,51,6,6,6824.088929
1,1,0,0,1,0,0,1,54,0,4,14088.75357
1,0,0,1,0,1,0,1,50,0,2,11019.18214
1,0,0,0,0,1,1,1,51,3,1,9213.715
1,1,1,0,0,0,0,1,55,5,0,11703.98214
1,0,0,1,0,1,0,1,54,1,3,10291.87857
1,1,0,1,0,0,0,1,54,2,5,11362.82857
1,1,0,0,0,0,1,1,52,3,1,10550.17143
1,1,0,0,0,0,1,1,51,3,2,10025.14607
1,0,0,1,0,1,0,1,52,4,5,9702.8275
1,0,1,0,0,1,0,1,50,3,2,8908.751786
1,1,1,0,0,0,0,1,50,2,6,9625.029643
1,1,0,0,1,0,0,1,54,4,6,11277.81429
1,1,0,1,0,0,0,1,53,1,2,10844.34286
1,0,0,0,1,1,0,1,53,5,6,9863.005357
1,1,0,0,0,0,1,1,53,2,0,10864.46429
1,0,0,0,1,1,0,1,50,4,5,8859.462857
1,1,0,1,0,0,0,1,55,4,3,11676.05
1,1,0,0,1,0,0,1,54,1,1,14009.17857
1,1,1,0,0,0,0,1,50,2,0,9620.048571
1,1,0,0,1,0,0,1,54,4,0,11374.32143
1,0,1,0,0,1,0,1,53,3,6,9886.404286
1,0,1,0,0,1,0,1,54,0,5,15526.1
1,1,1,0,0,0,0,1,50,0,6,14523.22857
1,1,0,0,1,0,0,1,51,2,3,7606.953571
1,1,1,0,0,0,0,1,53,3,4,10966.38571
1,0,0,0,0,1,1,1,55,5,1,10695.7
1,0,1,0,0,1,0,1,50,3,6,8955.96
1,0,1,0,0,1,0,1,54,2,2,10256.27857
1,1,1,0,0,0,0,1,50,2,2,9596.149643
1,0,1,0,0,1,0,1,55,3,3,10559.93571
1,0,0,0,1,1,0,1,55,1,3,13195.41429
1,1,0,1,0,0,0,1,55,4,5,11702.50357
1,0,0,0,0,1,1,1,54,4,4,7823.261071
1,0,0,0,1,1,0,1,54,5,0,10224.14286
1,1,1,0,0,0,0,1,53,3,0,10774.13571
1,1,0,1,0,0,0,1,50,4,5,7397.181786
1,1,0,1,0,0,0,1,53,6,6,10798.11071
1,1,0,0,1,0,0,1,53,2,5,10883.48214
1,0,0,0,0,1,1,1,55,6,3,7962.538214
1,1,1,0,0,0,0,1,52,6,2,7815.861786
1,0,0,1,0,1,0,1,51,1,2,9385.075
1,0,0,0,0,1,1,1,50,4,1,8781.765714
1,1,0,0,1,0,0,1,52,3,3,10536.68571
1,0,1,0,0,1,0,1,55,1,6,13204.03214
1,1,0,1,0,0,0,1,55,5,2,11610.725
1,1,0,0,0,0,1,1,50,3,4,9769.202143
1,0,1,0,0,1,0,1,53,0,6,14792.46786
1,0,0,1,0,1,0,1,51,6,0,9220.688571
1,0,0,0,1,1,0,1,53,3,6,9951.681786
1,0,0,0,0,1,1,1,51,2,6,9392.683214
1,1,0,0,0,0,1,1,50,5,4,7208.536071
1,1,0,0,1,0,0,1,51,1,5,7614.973214
1,0,0,0,0,1,1,1,52,3,2,9680.236071
1,1,1,0,0,0,0,1,51,6,5,7702.187143
1,0,1,0,0,1,0,1,50,0,5,13283.93214
1,0,1,0,0,1,0,1,55,3,1,10560.27143
1,0,0,0,1,1,0,1,54,5,1,10231.42857
1,0,0,1,0,1,0,1,50,6,4,6754.821786
1,1,1,0,0,0,0,1,54,6,1,11257.34286
1,0,0,0,1,1,0,1,51,0,1,13682.725
1,0,0,0,0,1,1,1,55,3,1,10574.41429
1,1,1,0,0,0,0,1,51,5,0,10124.63464
1,0,0,0,1,1,0,1,51,3,5,6932.422143
1,0,1,0,0,1,0,1,51,0,3,13649.55357
1,0,0,0,0,1,1,1,54,4,2,10246.86071
1,0,1,0,0,1,0,1,52,0,5,14485.66786
1,1,0,0,1,0,0,1,52,5,0,7943.976786
1,0,0,0,0,1,1,1,54,3,3,10356.97143
1,0,0,0,1,1,0,1,52,6,6,9602.042143
1,1,0,0,1,0,0,1,55,4,3,11750.10357
1,0,1,0,0,1,0,1,52,5,0,9761.408214
1,0,0,0,0,1,1,1,51,4,2,9140.502143
1,1,0,0,0,0,1,1,52,4,2,10567.21071
1,1,1,0,0,0,0,1,52,2,3,10573.43929
1,1,1,0,0,0,0,1,52,3,4,10547.38929
1,0,0,0,1,1,0,1,52,6,3,9688.483571
1,0,0,0,0,1,1,1,54,2,4,10358.03571
1,0,0,0,1,1,0,1,53,4,5,9890.574643
1,0,1,0,0,1,0,1,51,2,3,9233.073214
1,1,0,0,1,0,0,1,53,3,1,10785.93571
1,1,0,0,1,0,0,1,50,4,4,9656.111071
1,1,1,0,0,0,0,1,55,2,1,11602.56429
1,1,1,0,0,0,0,1,50,0,2,16879.58571
1,1,0,0,1,0,0,1,53,2,2,10825.39643
1,1,0,0,0,0,1,1,53,1,6,10930.47857
1,0,1,0,0,1,0,1,51,4,2,9158.330714
1,0,0,0,1,1,0,1,51,0,4,9564.535
1,1,0,0,1,0,0,1,52,0,2,13076.93214
1,0,0,1,0,1,0,1,51,5,6,6979.780714
1,0,0,0,0,1,1,1,51,0,4,11456.98571
1,1,1,0,0,0,0,1,53,2,3,10881.84643
1,1,0,0,1,0,0,1,51,2,1,7695.656786
1,0,0,0,0,1,1,1,52,1,3,9729.7375
