Smoother_GS,CGS,Smoother_JAC,Smoother,Smoother_GSRB,Smoother_GSRBAC,CGS_IP_CG,Smoother_GSACBE,CGS_IP_AMG,CGS_RED_AMG,Smoother_GSAC,numCore,post,pre,performance
0,1,0,1,1,0,0,0,1,0,0,256,2,6,403.663
0,1,0,1,1,0,0,0,0,1,0,64,6,4,497.801
0,1,0,1,0,1,1,0,0,0,0,64,6,4,525.007
1,1,0,1,0,0,0,0,0,1,0,64,3,4,257.116
0,1,1,1,0,0,0,0,0,1,0,4096,0,4,220.991
0,1,0,1,0,0,0,1,0,1,0,1024,3,1,1485.53
0,1,0,1,0,0,1,1,0,0,0,4096,1,5,2294.39
0,1,0,1,1,0,0,0,0,1,0,1024,2,4,362.962
0,1,0,1,0,0,0,0,0,1,1,1024,0,5,267.774
0,1,0,1,0,0,0,1,1,0,0,4096,1,4,1879.8
0,1,0,1,0,0,1,1,0,0,0,4096,0,3,1218.33
0,1,0,1,0,1,0,0,0,1,0,64,4,2,357.698
0,1,1,1,0,0,0,0,0,1,0,64,5,4,314.243
0,1,1,1,0,0,0,0,1,0,0,64,2,3,201.045
0,1,0,1,0,1,0,0,0,1,0,1024,4,5,536.471
0,1,0,1,0,0,0,0,1,0,1,1024,6,6,407.177
0,1,0,1,0,1,0,0,1,0,0,4096,3,3,377.482
0,1,1,1,0,0,0,0,1,0,0,4096,3,6,322.741
0,1,1,1,0,0,0,0,0,1,0,64,1,4,217.636
0,1,0,1,0,0,1,0,0,0,1,4096,2,6,387.087
0,1,0,1,1,0,1,0,0,0,0,64,0,1,117.788
0,1,1,1,0,0,0,0,1,0,0,4096,6,3,320.522
0,1,0,1,1,0,0,0,0,1,0,1024,6,3,485.142
0,1,1,1,0,0,1,0,0,0,0,256,0,6,238.477
0,1,1,1,0,0,0,0,1,0,0,1024,3,3,231.369
0,1,0,1,1,0,0,0,1,0,0,256,5,2,361.425
0,1,1,1,0,0,0,0,0,1,0,256,0,4,202.139
0,1,0,1,0,1,0,0,1,0,0,4096,2,1,231.655
0,1,0,1,0,0,0,1,1,0,0,1024,2,1,1098.6
0,1,0,1,1,0,0,0,1,0,0,64,2,4,321.515
0,1,1,1,0,0,0,0,1,0,0,4096,5,3,293.554
0,1,0,1,0,0,0,1,0,1,0,256,4,3,2560.8
0,1,0,1,0,0,1,0,0,0,1,1024,3,4,310.95
0,1,1,1,0,0,1,0,0,0,0,64,5,0,200.311
0,1,0,1,0,0,1,1,0,0,0,64,6,6,4298.12
0,1,0,1,1,0,0,0,1,0,0,1024,0,4,245.441
0,1,0,1,0,1,0,0,0,1,0,1024,4,0,287.895
0,1,0,1,0,1,1,0,0,0,0,64,3,6,480.764
1,1,0,1,0,0,0,0,1,0,0,64,6,4,310.821
0,1,0,1,0,0,0,0,0,1,1,1024,5,1,285.108
0,1,1,1,0,0,0,0,0,1,0,64,4,5,314.547
0,1,0,1,0,0,1,1,0,0,0,4096,0,5,1931.09
0,1,0,1,1,0,0,0,1,0,0,4096,5,0,297.653
0,1,0,1,0,0,1,0,0,0,1,1024,5,0,231.944
0,1,0,1,0,1,0,0,1,0,0,4096,5,0,316.8
1,1,0,1,0,0,0,0,0,1,0,256,2,2,196.06
0,1,1,1,0,0,1,0,0,0,0,256,3,1,186.223
1,1,0,1,0,0,0,0,0,1,0,256,5,3,292.081
0,1,0,1,0,0,0,0,1,0,1,256,0,5,215.424
0,1,0,1,0,1,1,0,0,0,0,256,6,5,579.7
0,1,0,1,1,0,0,0,1,0,0,4096,2,0,177.573
1,1,0,1,0,0,1,0,0,0,0,4096,1,1,171.049
0,1,0,1,0,0,1,0,0,0,1,1024,1,3,225.678
0,1,0,1,0,0,1,1,0,0,0,64,5,5,3591.76
0,1,0,1,0,0,0,1,0,1,0,1024,1,6,2533.16
0,1,0,1,0,1,0,0,0,1,0,64,3,2,313.25
0,1,0,1,0,0,0,0,1,0,1,64,0,6,242.537
0,1,0,1,0,1,1,0,0,0,0,64,1,0,122.949
0,1,1,1,0,0,1,0,0,0,0,64,0,4,177.597
0,1,1,1,0,0,0,0,0,1,0,4096,3,2,245.33
0,1,0,1,0,1,0,0,0,1,0,1024,0,3,252.958
0,1,0,1,0,0,0,1,0,1,0,4096,0,4,1576.3
0,1,1,1,0,0,0,0,1,0,0,1024,2,0,131.693
0,1,0,1,1,0,0,0,1,0,0,4096,2,2,258.72
0,1,0,1,0,0,1,0,0,0,1,4096,4,4,386.184
0,1,0,1,0,0,0,0,1,0,1,256,3,2,214.181
0,1,0,1,1,0,0,0,1,0,0,256,4,4,403.522
0,1,0,1,0,0,0,1,0,1,0,1024,3,3,2176.76
0,1,0,1,0,0,0,1,0,1,0,4096,5,6,4044.75
1,1,0,1,0,0,0,0,1,0,0,4096,1,6,268.132
1,1,0,1,0,0,1,0,0,0,0,4096,0,3,217.017
0,1,1,1,0,0,1,0,0,0,0,256,1,5,238.627
0,1,0,1,0,0,1,0,0,0,1,1024,6,2,331.967
0,1,0,1,0,0,0,1,1,0,0,256,2,4,2182.01
0,1,1,1,0,0,0,0,0,1,0,1024,3,0,186.054
0,1,0,1,1,0,0,0,1,0,0,1024,6,2,403.019
0,1,0,1,0,0,1,1,0,0,0,64,4,6,3594.93
0,1,0,1,0,1,1,0,0,0,0,256,3,0,218.062
0,1,0,1,1,0,0,0,0,1,0,64,6,2,418.073
1,1,0,1,0,0,0,0,1,0,0,256,1,2,150.337
0,1,0,1,0,0,0,1,0,1,0,64,1,2,1111.95
1,1,0,1,0,0,0,0,1,0,0,256,3,6,290.557
0,1,0,1,0,1,0,0,0,1,0,4096,5,0,341.664
0,1,0,1,0,1,0,0,0,1,0,1024,6,0,373.811
0,1,0,1,0,0,0,1,0,1,0,64,0,5,1800.58
0,1,1,1,0,0,0,0,1,0,0,4096,1,0,121.714
0,1,0,1,0,0,0,0,0,1,1,1024,1,1,168.231
1,1,0,1,0,0,0,0,0,1,0,4096,2,2,222.254
0,1,0,1,0,0,1,1,0,0,0,64,2,6,2896.17
0,1,0,1,0,0,0,0,1,0,1,1024,3,5,299.897
0,1,0,1,0,1,0,0,1,0,0,64,4,4,428.234
0,1,0,1,0,1,0,0,0,1,0,256,4,5,511.503
0,1,0,1,0,0,1,0,0,0,1,4096,5,2,350.202
0,1,0,1,1,0,0,0,1,0,0,1024,2,0,163.19
0,1,0,1,0,0,0,1,0,1,0,256,4,1,1852.96
0,1,0,1,0,0,0,1,1,0,0,4096,0,1,455.376
1,1,0,1,0,0,0,0,0,1,0,4096,0,6,285.02
0,1,0,1,0,0,0,1,0,1,0,1024,6,4,3541.63
0,1,0,1,1,0,0,0,1,0,0,4096,3,2,301.076
1,1,0,1,0,0,1,0,0,0,0,1024,5,3,303.085
0,1,0,1,0,1,0,0,1,0,0,4096,2,6,467.04
0,1,0,1,0,1,0,0,0,1,0,64,0,1,136.746
0,1,0,1,0,1,0,0,0,1,0,256,2,4,376.845
0,1,1,1,0,0,0,0,0,1,0,256,5,4,323.506
0,1,0,1,0,0,1,1,0,0,0,64,0,2,790.322
0,1,0,1,1,0,0,0,1,0,0,4096,0,5,304.349
0,1,0,1,0,1,1,0,0,0,0,4096,3,3,429.106
0,1,0,1,0,0,1,0,0,0,1,64,2,3,217.515
0,1,0,1,0,1,0,0,0,1,0,64,5,4,492.759
0,1,0,1,0,0,0,0,1,0,1,256,0,2,134.914
0,1,1,1,0,0,0,0,1,0,0,256,5,0,201.402
0,1,0,1,0,0,0,1,1,0,0,1024,1,1,762.256
0,1,0,1,1,0,1,0,0,0,0,256,6,3,456.357
0,1,0,1,0,1,1,0,0,0,0,4096,0,2,235.639
0,1,0,1,0,0,1,1,0,0,0,1024,0,1,467.085
0,1,0,1,0,0,0,0,1,0,1,64,4,3,266.982
0,1,0,1,0,0,1,1,0,0,0,1024,2,5,2579.53
1,1,0,1,0,0,1,0,0,0,0,256,2,2,184.046
0,1,0,1,1,0,0,0,1,0,0,256,3,6,444.065
0,1,0,1,0,1,1,0,0,0,0,1024,0,1,139.393
0,1,0,1,1,0,0,0,0,1,0,256,0,5,306.005
0,1,0,1,0,0,0,0,0,1,1,256,2,6,330.074
1,1,0,1,0,0,1,0,0,0,0,256,1,3,184.754
0,1,0,1,0,1,1,0,0,0,0,64,5,3,435.986
1,1,0,1,0,0,0,0,1,0,0,4096,1,3,192.306
0,1,0,1,1,0,0,0,1,0,0,4096,0,6,347.77
0,1,0,1,0,1,0,0,0,1,0,256,4,1,326.48
1,1,0,1,0,0,0,0,1,0,0,64,4,6,311.187
0,1,1,1,0,0,0,0,0,1,0,64,0,5,217.579
0,1,0,1,0,1,0,0,0,1,0,256,1,0,146.784
0,1,0,1,1,0,1,0,0,0,0,64,6,3,443.839
0,1,0,1,1,0,0,0,0,1,0,64,5,3,416.262
1,1,0,1,0,0,0,0,1,0,0,256,2,5,243.489
0,1,0,1,0,0,0,0,0,1,1,256,4,1,236.709
0,1,0,1,0,1,0,0,0,1,0,256,6,4,555.384
0,1,0,1,0,0,0,0,0,1,1,64,5,6,396.15
0,1,0,1,0,1,0,0,0,1,0,1024,6,3,531.121
0,1,0,1,1,0,0,0,0,1,0,256,6,1,386.566
0,1,0,1,0,0,0,0,0,1,1,1024,5,2,315.622
0,1,0,1,0,0,0,1,0,1,0,1024,3,6,3208.46
0,1,0,1,0,0,0,0,0,1,1,1024,1,6,330.307
0,1,0,1,0,0,0,1,1,0,0,1024,4,0,1438.08
0,1,0,1,0,0,0,0,0,1,1,64,2,6,314.13
0,1,1,1,0,0,0,0,0,1,0,1024,2,6,316.698
0,1,0,1,0,0,1,0,0,0,1,64,2,1,162.644
0,1,0,1,0,0,0,0,0,1,1,1024,5,0,246.141
0,1,0,1,0,0,0,1,0,1,0,64,1,1,771.305
0,1,0,1,0,0,0,1,0,1,0,256,1,4,1875.13
1,1,0,1,0,0,0,0,0,1,0,4096,5,3,329.277
0,1,1,1,0,0,0,0,1,0,0,64,3,2,199.991
0,1,0,1,0,0,0,1,0,1,0,64,5,3,2805.08
1,1,0,1,0,0,0,0,1,0,0,4096,5,6,361.163
0,1,0,1,0,0,0,1,1,0,0,4096,5,5,3634.64
0,1,0,1,0,0,0,1,1,0,0,256,2,3,1828.59
0,1,0,1,0,1,1,0,0,0,0,64,1,1,168.712
0,1,0,1,0,0,1,1,0,0,0,4096,1,6,2649.47
0,1,0,1,0,0,1,0,0,0,1,4096,5,4,403.293
1,1,0,1,0,0,0,0,0,1,0,256,3,6,317.496
1,1,0,1,0,0,1,0,0,0,0,256,1,4,209.142
0,1,0,1,0,0,0,1,1,0,0,1024,5,1,2123.17
0,1,0,1,0,0,1,1,0,0,0,64,1,2,1140.75
0,1,0,1,0,0,0,1,1,0,0,256,6,3,3217.51
0,1,0,1,1,0,0,0,1,0,0,64,5,0,282.952
1,1,0,1,0,0,0,0,0,1,0,4096,0,3,196.697
0,1,0,1,0,0,0,1,1,0,0,4096,1,6,2589.24
1,1,0,1,0,0,0,0,0,1,0,4096,2,6,329.318
0,1,0,1,1,0,1,0,0,0,0,256,1,4,295.1
0,1,0,1,0,0,1,1,0,0,0,4096,6,3,3346.38
0,1,0,1,0,1,0,0,1,0,0,64,4,2,342.111
1,1,0,1,0,0,1,0,0,0,0,4096,2,4,291.8
0,1,0,1,1,0,1,0,0,0,0,4096,1,3,308.79
0,1,0,1,0,0,0,0,0,1,1,4096,4,5,406.249
1,1,0,1,0,0,1,0,0,0,0,1024,5,4,324.521
1,1,0,1,0,0,0,0,1,0,0,256,4,1,195.888
0,1,0,1,0,0,0,0,1,0,1,4096,4,3,300.05
1,1,0,1,0,0,0,0,0,1,0,256,1,5,243.058
0,1,0,1,0,0,0,1,1,0,0,4096,4,6,3628.81
0,1,0,1,1,0,1,0,0,0,0,1024,1,2,230.178
0,1,0,1,0,0,0,1,0,1,0,256,3,3,2218.93
0,1,0,1,0,0,0,0,1,0,1,64,3,4,267.642
0,1,0,1,1,0,0,0,0,1,0,1024,4,3,404.023
0,1,0,1,0,0,1,0,0,0,1,1024,0,4,226.643
0,1,0,1,0,0,1,0,0,0,1,1024,5,2,305.458
0,1,0,1,0,0,0,0,0,1,1,256,5,2,297.208
0,1,0,1,0,1,0,0,0,1,0,4096,1,2,277.541
0,1,0,1,0,0,1,0,0,0,1,64,3,6,327.068
0,1,0,1,0,1,1,0,0,0,0,1024,3,1,290.159
0,1,0,1,0,1,0,0,1,0,0,256,2,0,167.785
0,1,0,1,1,0,1,0,0,0,0,1024,2,0,177.496
1,1,0,1,0,0,1,0,0,0,0,256,1,5,233.556
0,1,0,1,0,0,1,1,0,0,0,1024,3,1,1512.48
0,1,0,1,0,0,0,0,1,0,1,1024,4,5,326.722
0,1,0,1,0,0,0,1,1,0,0,256,2,0,771.238
0,1,0,1,0,0,1,0,0,0,1,256,1,5,257.837
0,1,1,1,0,0,0,0,0,1,0,64,0,6,241.138
0,1,0,1,1,0,1,0,0,0,0,64,0,4,242.595
0,1,0,1,0,0,0,1,1,0,0,256,1,3,1484.38
0,1,1,1,0,0,0,0,0,1,0,4096,3,5,331.844
0,1,0,1,1,0,1,0,0,0,0,1024,0,2,178.785
0,1,0,1,0,0,0,0,0,1,1,64,4,0,199.975
0,1,0,1,0,0,0,1,0,1,0,1024,3,4,2528.04
0,1,0,1,0,0,0,0,1,0,1,4096,0,2,155.808
0,1,0,1,0,0,1,1,0,0,0,64,1,6,2549.32
0,1,0,1,0,0,1,1,0,0,0,64,4,2,2190.42
0,1,1,1,0,0,0,0,0,1,0,4096,4,0,216.641
1,1,0,1,0,0,1,0,0,0,0,256,2,4,233.541
0,1,1,1,0,0,1,0,0,0,0,1024,4,3,282.014
0,1,0,1,1,0,0,0,0,1,0,4096,3,6,506.924
1,1,0,1,0,0,0,0,1,0,0,1024,2,2,176.67
0,1,0,1,0,1,1,0,0,0,0,1024,6,6,640.115
0,1,0,1,1,0,0,0,0,1,0,256,6,4,511.929
1,1,0,1,0,0,0,0,0,1,0,4096,4,3,301.808
0,1,0,1,1,0,0,0,1,0,0,1024,1,1,162.73
1,1,0,1,0,0,0,0,0,1,0,4096,1,3,222.833
0,1,0,1,0,1,0,0,1,0,0,1024,1,6,393.12
0,1,0,1,1,0,1,0,0,0,0,256,3,4,376.982
0,1,0,1,0,0,1,0,0,0,1,1024,4,5,361.76
0,1,0,1,0,0,0,1,1,0,0,1024,4,1,1782.18
0,1,0,1,0,1,0,0,1,0,0,256,1,4,300.448
0,1,0,1,1,0,0,0,1,0,0,64,0,3,200.333
0,1,0,1,1,0,0,0,1,0,0,64,6,4,481.017
1,1,0,1,0,0,0,0,1,0,0,256,6,5,335.456
0,1,1,1,0,0,1,0,0,0,0,64,0,1,100.795
0,1,0,1,0,1,0,0,1,0,0,4096,4,2,375.99
0,1,0,1,1,0,0,0,1,0,0,64,3,3,321.423
1,1,0,1,0,0,0,0,1,0,0,4096,3,1,189.114
0,1,0,1,0,0,0,1,0,1,0,1024,0,6,2202.82
1,1,0,1,0,0,1,0,0,0,0,256,5,2,256.368
0,1,0,1,0,1,1,0,0,0,0,1024,3,6,515.616
1,1,0,1,0,0,1,0,0,0,0,4096,4,5,360.984
0,1,0,1,0,1,1,0,0,0,0,256,4,4,446.644
0,1,0,1,0,0,1,0,0,0,1,256,6,5,390.522
0,1,1,1,0,0,1,0,0,0,0,4096,4,3,317.313
1,1,0,1,0,0,1,0,0,0,0,4096,2,6,342.977
0,1,0,1,0,0,1,0,0,0,1,1024,6,3,358.854
0,1,0,1,0,0,0,0,1,0,1,256,1,0,107.284
1,1,0,1,0,0,0,0,1,0,0,1024,1,2,153.54
0,1,0,1,0,1,0,0,0,1,0,256,2,0,191.1
0,1,1,1,0,0,0,0,0,1,0,4096,3,0,192.495
0,1,0,1,0,1,0,0,0,1,0,256,2,6,467.053
0,1,0,1,0,1,1,0,0,0,0,1024,4,6,559.557
1,1,0,1,0,0,0,0,0,1,0,4096,4,4,328.367
0,1,0,1,0,0,0,0,1,0,1,64,0,2,134.043
0,1,0,1,0,0,0,1,0,1,0,4096,0,1,481.309
0,1,0,1,0,0,0,0,0,1,1,1024,2,2,233.27
1,1,0,1,0,0,1,0,0,0,0,4096,1,6,319.324
1,1,0,1,0,0,0,0,1,0,0,256,4,3,242.904
0,1,0,1,0,0,1,0,0,0,1,64,1,1,135.351
0,1,0,1,0,1,0,0,0,1,0,64,6,1,398.347
0,1,0,1,1,0,0,0,0,1,0,256,3,4,389.381
1,1,0,1,0,0,0,0,0,1,0,4096,0,5,256.457
1,1,0,1,0,0,0,0,1,0,0,1024,4,3,246.444
0,1,0,1,0,1,0,0,1,0,0,4096,3,5,466.557
0,1,0,1,0,1,0,0,1,0,0,4096,5,1,371.17
0,1,0,1,1,0,1,0,0,0,0,4096,4,6,556.551
0,1,0,1,0,0,1,0,0,0,1,1024,3,1,219.738
0,1,0,1,0,1,0,0,0,1,0,256,3,1,279.739
0,1,1,1,0,0,0,0,0,1,0,64,4,3,265.813
0,1,1,1,0,0,0,0,1,0,0,64,4,1,199.83
1,1,0,1,0,0,1,0,0,0,0,4096,3,2,260.662
1,1,0,1,0,0,1,0,0,0,0,64,5,4,290.927
1,1,0,1,0,0,1,0,0,0,0,256,0,5,209.907
1,1,0,1,0,0,0,0,0,1,0,256,1,2,172.543
0,1,0,1,0,0,0,1,0,1,0,1024,2,6,2871.17
0,1,0,1,0,0,0,1,0,1,0,4096,0,5,1935.62
1,1,0,1,0,0,0,0,0,1,0,1024,6,3,336.102
0,1,0,1,0,0,0,0,1,0,1,4096,1,1,151.806
1,1,0,1,0,0,1,0,0,0,0,1024,4,5,325.294
0,1,1,1,0,0,0,0,1,0,0,1024,3,2,206.63
1,1,0,1,0,0,0,0,0,1,0,256,4,5,317.373
0,1,0,1,1,0,0,0,1,0,0,1024,6,6,567.388
0,1,0,1,0,0,1,1,0,0,0,64,2,0,777.809
1,1,0,1,0,0,0,0,1,0,0,64,1,2,149.019
0,1,0,1,1,0,1,0,0,0,0,256,1,3,254.744
0,1,1,1,0,0,1,0,0,0,0,64,2,0,126.927
0,1,0,1,0,0,1,0,0,0,1,256,1,1,144.692
0,1,0,1,0,1,1,0,0,0,0,1024,6,4,553.356
0,1,0,1,0,0,0,1,0,1,0,4096,2,4,2283.22
0,1,0,1,0,0,0,0,0,1,1,1024,3,1,226.309
1,1,0,1,0,0,1,0,0,0,0,64,3,5,270.254
0,1,1,1,0,0,1,0,0,0,0,1024,4,0,193.621
0,1,0,1,0,0,1,1,0,0,0,4096,5,6,4052.69
0,1,1,1,0,0,1,0,0,0,0,64,2,2,176.876
0,1,0,1,0,0,0,0,1,0,1,64,4,6,349.083
0,1,0,1,0,1,0,0,0,1,0,4096,1,5,425.3
0,1,0,1,1,0,0,0,0,1,0,256,0,4,264.987
0,1,0,1,0,1,1,0,0,0,0,1024,2,6,472.541
0,1,1,1,0,0,0,0,1,0,0,4096,2,2,196.096
0,1,0,1,0,0,0,0,0,1,1,1024,6,3,373.154
0,1,0,1,0,0,0,0,1,0,1,256,3,5,295.609
1,1,0,1,0,0,0,0,0,1,0,64,4,3,256.732
0,1,0,1,0,0,0,1,0,1,0,4096,5,2,2618.16
0,1,0,1,0,1,1,0,0,0,0,256,6,4,535.335
1,1,0,1,0,0,0,0,0,1,0,1024,1,5,264.018
0,1,0,1,1,0,0,0,0,1,0,64,5,1,333.928
0,1,0,1,0,0,0,0,0,1,1,256,0,3,185.809
1,1,0,1,0,0,1,0,0,0,0,256,1,1,132.977
0,1,0,1,0,0,0,0,1,0,1,4096,3,4,300.405
0,1,1,1,0,0,0,0,1,0,0,64,5,4,297.367
0,1,0,1,0,0,0,1,0,1,0,4096,2,5,2633.06
0,1,0,1,0,0,0,1,1,0,0,64,1,3,1434.01
0,1,0,1,0,1,1,0,0,0,0,64,4,0,257.167
0,1,0,1,0,0,0,1,0,1,0,4096,6,1,2621.4
0,1,1,1,0,0,1,0,0,0,0,64,2,5,252.187
0,1,0,1,1,0,0,0,0,1,0,64,0,3,214.449
0,1,0,1,1,0,0,0,1,0,0,256,5,6,523.404
0,1,0,1,1,0,0,0,1,0,0,1024,5,0,281.637
0,1,0,1,0,1,1,0,0,0,0,256,0,6,359.665
0,1,0,1,0,0,0,1,0,1,0,4096,2,1,1200.37
0,1,0,1,0,1,0,0,0,1,0,64,1,1,180.55
0,1,1,1,0,0,0,0,0,1,0,1024,4,6,368.301
0,1,0,1,0,0,1,0,0,0,1,256,2,1,172.821
0,1,0,1,0,0,0,0,1,0,1,256,4,0,186.37
1,1,0,1,0,0,1,0,0,0,0,256,0,2,134.669
0,1,0,1,0,0,1,0,0,0,1,256,4,6,363.99
0,1,0,1,0,0,0,0,0,1,1,256,6,0,263.646
1,1,0,1,0,0,0,0,0,1,0,4096,2,5,301.099
1,1,0,1,0,0,0,0,0,1,0,4096,3,0,188.304
0,1,0,1,0,0,1,0,0,0,1,4096,5,3,382.72
0,1,0,1,1,0,0,0,1,0,0,1024,1,2,204.254
0,1,1,1,0,0,1,0,0,0,0,256,2,5,263.164
0,1,0,1,0,1,0,0,0,1,0,64,1,6,406.849
0,1,0,1,0,0,0,1,0,1,0,1024,6,3,3200.85
0,1,0,1,0,0,0,0,0,1,1,1024,0,1,140.682
0,1,1,1,0,0,0,0,0,1,0,4096,5,4,354.811
1,1,0,1,0,0,0,0,0,1,0,4096,2,3,251.577
0,1,0,1,0,0,0,1,0,1,0,4096,1,6,2637.37
0,1,1,1,0,0,0,0,0,1,0,256,4,6,350.416
0,1,0,1,0,1,0,0,0,1,0,1024,0,6,399.137
0,1,0,1,1,0,0,0,1,0,0,4096,5,1,340.601
0,1,0,1,0,0,0,1,0,1,0,64,4,0,1438.34
0,1,0,1,0,1,0,0,1,0,0,256,4,3,386.607
0,1,1,1,0,0,0,0,0,1,0,4096,1,1,170.991
0,1,0,1,0,0,0,1,1,0,0,256,6,6,4267.32
0,1,0,1,0,0,1,1,0,0,0,256,1,2,1110.36
0,1,1,1,0,0,1,0,0,0,0,64,5,6,347.896
0,1,1,1,0,0,0,0,1,0,0,64,0,6,224.993
0,1,0,1,0,1,0,0,0,1,0,4096,3,1,316.749
0,1,0,1,0,0,1,1,0,0,0,1024,6,0,2197.9
1,1,0,1,0,0,0,0,0,1,0,256,2,5,269.37
0,1,1,1,0,0,0,0,0,1,0,256,5,3,299.356
0,1,0,1,0,1,0,0,0,1,0,64,1,0,137.249
0,1,0,1,0,1,0,0,1,0,0,1024,1,0,126.816
1,1,0,1,0,0,0,0,0,1,0,1024,0,3,184.652
0,1,0,1,0,1,1,0,0,0,0,1024,4,5,512.519
1,1,0,1,0,0,1,0,0,0,0,1024,4,4,302.761
1,1,0,1,0,0,0,0,1,0,0,64,5,6,333.84
0,1,0,1,0,1,1,0,0,0,0,4096,6,3,558.029
0,1,0,1,1,0,0,0,1,0,0,64,3,0,199.77
1,1,0,1,0,0,0,0,0,1,0,64,0,2,139.437
0,1,1,1,0,0,0,0,0,1,0,256,3,4,275.463
0,1,0,1,1,0,0,0,1,0,0,256,2,0,161.144
0,1,0,1,1,0,0,0,1,0,0,1024,3,2,284.472
0,1,0,1,1,0,0,0,0,1,0,256,2,6,430.241
0,1,0,1,0,1,1,0,0,0,0,1024,0,2,195.951
0,1,0,1,0,1,0,0,0,1,0,4096,6,5,654.309
0,1,0,1,1,0,0,0,0,1,0,256,3,0,224.144
0,1,0,1,0,0,0,1,0,1,0,256,2,2,1512.1
0,1,1,1,0,0,1,0,0,0,0,4096,1,2,197.3
0,1,1,1,0,0,0,0,1,0,0,4096,4,2,244.438
0,1,0,1,0,1,0,0,1,0,0,64,5,2,384.945
0,1,1,1,0,0,1,0,0,0,0,256,5,5,335.265
0,1,0,1,0,0,1,0,0,0,1,4096,2,4,324.342
0,1,0,1,0,0,0,1,1,0,0,4096,6,4,3630.25
0,1,0,1,0,0,0,1,0,1,0,4096,0,3,1217.31
0,1,1,1,0,0,0,0,1,0,0,256,2,5,251.837
0,1,0,1,0,1,0,0,1,0,0,256,6,2,430.039
0,1,0,1,0,0,0,1,0,1,0,1024,2,5,2529.51
0,1,0,1,0,1,0,0,1,0,0,4096,2,3,330.93
0,1,0,1,0,0,0,0,0,1,1,1024,1,0,139.147
0,1,0,1,0,1,0,0,1,0,0,1024,4,5,478.974
0,1,1,1,0,0,0,0,0,1,0,1024,1,1,164.331
0,1,0,1,0,1,0,0,1,0,0,64,2,6,430.706
0,1,0,1,1,0,0,0,1,0,0,4096,0,2,177.701
0,1,1,1,0,0,0,0,1,0,0,1024,5,2,254.699
0,1,1,1,0,0,0,0,0,1,0,256,6,0,249.395
0,1,1,1,0,0,0,0,0,1,0,1024,1,2,183.711
0,1,0,1,0,1,0,0,1,0,0,256,0,1,124.454
0,1,0,1,0,0,0,1,1,0,0,64,0,5,1782.65
0,1,0,1,0,1,0,0,0,1,0,4096,0,2,214.381
0,1,0,1,0,0,0,1,0,1,0,4096,4,5,3329.48
0,1,0,1,0,0,0,0,1,0,1,4096,6,1,293.332
1,1,0,1,0,0,0,0,0,1,0,64,6,3,302.801
1,1,0,1,0,0,0,0,0,1,0,1024,4,3,287.342
0,1,0,1,1,0,0,0,1,0,0,256,1,6,363.713
0,1,0,1,1,0,1,0,0,0,0,64,6,4,486.267
0,1,0,1,0,0,0,0,0,1,1,1024,2,6,356.018
0,1,0,1,0,0,0,1,1,0,0,256,6,0,2156.63
0,1,0,1,1,0,0,0,1,0,0,4096,1,2,219.003
0,1,0,1,0,0,1,0,0,0,1,4096,6,1,344.488
1,1,0,1,0,0,0,0,0,1,0,256,5,4,317.088
0,1,1,1,0,0,1,0,0,0,0,1024,3,2,229.301
0,1,0,1,0,0,0,0,0,1,1,4096,2,0,173.891
0,1,0,1,0,0,0,1,0,1,0,64,5,2,2464.05
0,1,0,1,0,0,0,1,0,1,0,4096,3,5,2992.62
1,1,0,1,0,0,0,0,0,1,0,256,1,3,196.567
0,1,0,1,0,0,0,1,1,0,0,256,1,2,1131.52
0,1,1,1,0,0,0,0,0,1,0,4096,5,2,300.32
0,1,0,1,0,0,0,0,0,1,1,64,5,5,368.906
0,1,0,1,0,0,0,1,1,0,0,256,4,3,2520.68
1,1,0,1,0,0,1,0,0,0,0,4096,3,0,194.277
1,1,0,1,0,0,0,0,1,0,0,256,4,4,266.113
0,1,0,1,0,0,0,1,1,0,0,64,1,5,2117.21
0,1,0,1,0,0,1,1,0,0,0,1024,3,6,3276.81
0,1,0,1,1,0,0,0,0,1,0,256,3,2,305.123
1,1,0,1,0,0,0,0,1,0,0,64,1,0,102.543
0,1,0,1,0,0,1,0,0,0,1,1024,0,6,284.748
0,1,0,1,0,0,0,0,0,1,1,1024,5,5,411.197
0,1,1,1,0,0,0,0,0,1,0,4096,1,3,221.761
0,1,0,1,0,0,1,1,0,0,0,4096,0,6,2296.78
0,1,0,1,0,0,0,0,1,0,1,4096,2,2,212.317
0,1,1,1,0,0,0,0,1,0,0,1024,0,5,207.573
0,1,1,1,0,0,1,0,0,0,0,64,6,4,322.741
0,1,0,1,0,0,1,0,0,0,1,256,5,0,221.948
0,1,0,1,0,0,0,1,0,1,0,4096,1,3,1569.9
1,1,0,1,0,0,1,0,0,0,0,1024,0,2,150.662
0,1,0,1,1,0,1,0,0,0,0,1024,4,5,477.911
0,1,1,1,0,0,0,0,0,1,0,4096,4,3,300.996
1,1,0,1,0,0,0,0,1,0,0,256,5,4,288.662
0,1,0,1,0,0,0,0,0,1,1,4096,4,4,375.195
0,1,0,1,1,0,0,0,1,0,0,1024,5,3,404.677
0,1,1,1,0,0,1,0,0,0,0,64,0,5,202.756
0,1,0,1,1,0,1,0,0,0,0,1024,0,5,315.796
0,1,1,1,0,0,1,0,0,0,0,1024,5,1,250.537
0,1,1,1,0,0,1,0,0,0,0,64,2,3,202.767
1,1,0,1,0,0,1,0,0,0,0,1024,5,1,253.797
0,1,0,1,1,0,0,0,0,1,0,1024,4,1,314.019
0,1,0,1,0,1,1,0,0,0,0,4096,3,5,513.644
0,1,0,1,0,1,0,0,1,0,0,64,2,2,254.912
0,1,0,1,0,0,0,1,1,0,0,1024,4,3,2466.79
0,1,0,1,0,0,0,0,1,0,1,64,5,0,213.105
0,1,0,1,0,1,0,0,0,1,0,64,1,2,226.737
0,1,1,1,0,0,0,0,1,0,0,256,2,2,178.081
0,1,0,1,0,0,0,0,1,0,1,4096,5,3,326.379
0,1,0,1,0,0,0,1,0,1,0,64,3,3,2127.82
0,1,1,1,0,0,1,0,0,0,0,256,2,1,159.534
0,1,0,1,0,1,0,0,1,0,0,256,1,2,212.589
0,1,0,1,0,0,0,1,1,0,0,1024,2,2,1443.07
0,1,1,1,0,0,1,0,0,0,0,64,0,6,227.647
0,1,1,1,0,0,1,0,0,0,0,4096,5,4,364.971
1,1,0,1,0,0,0,0,1,0,0,64,4,3,241.655
0,1,1,1,0,0,0,0,1,0,0,1024,6,1,254.016
0,1,0,1,0,1,1,0,0,0,0,4096,1,4,383.709
0,1,0,1,0,1,0,0,0,1,0,256,5,5,558.365
0,1,1,1,0,0,1,0,0,0,0,4096,5,5,391.6
0,1,1,1,0,0,0,0,0,1,0,256,6,3,323.724
1,1,0,1,0,0,1,0,0,0,0,1024,3,1,201.663
0,1,0,1,0,0,1,0,0,0,1,256,1,4,231.687
0,1,0,1,0,0,0,1,1,0,0,4096,6,5,3981.36
0,1,0,1,0,0,0,1,1,0,0,1024,5,4,3151.09
0,1,1,1,0,0,1,0,0,0,0,4096,0,3,205.325
0,1,0,1,0,0,0,1,1,0,0,64,6,5,3800.48
0,1,0,1,0,0,0,1,1,0,0,64,5,0,1763.75
0,1,1,1,0,0,1,0,0,0,0,256,3,3,236.141
0,1,0,1,1,0,0,0,1,0,0,256,6,0,320.403
0,1,0,1,0,0,0,0,0,1,1,64,5,2,282.324
0,1,1,1,0,0,1,0,0,0,0,4096,4,0,218.287
0,1,0,1,0,0,1,0,0,0,1,256,1,2,175.727
0,1,0,1,0,0,0,0,1,0,1,1024,5,0,215.441
1,1,0,1,0,0,1,0,0,0,0,64,3,6,294.522
0,1,0,1,1,0,0,0,0,1,0,64,2,0,173.812
0,1,1,1,0,0,1,0,0,0,0,1024,3,0,168.331
0,1,1,1,0,0,1,0,0,0,0,1024,0,4,205.708
1,1,0,1,0,0,0,0,0,1,0,1024,1,6,287.212
0,1,0,1,0,0,1,1,0,0,0,256,1,1,772.483
0,1,0,1,0,0,0,0,1,0,1,64,4,5,322.238
0,1,0,1,0,0,0,0,0,1,1,1024,0,6,299.166
1,1,0,1,0,0,1,0,0,0,0,64,2,6,270.308
0,1,0,1,0,0,0,0,0,1,1,64,1,6,288.123
0,1,0,1,0,1,0,0,1,0,0,1024,6,4,519.749
0,1,1,1,0,0,0,0,1,0,0,1024,3,0,156.205
0,1,0,1,0,0,0,0,1,0,1,4096,3,1,209.93
0,1,0,1,1,0,0,0,1,0,0,1024,6,3,444.414
0,1,0,1,1,0,0,0,1,0,0,1024,0,5,286.175
0,1,0,1,0,0,0,0,1,0,1,256,6,3,321.479
0,1,0,1,0,0,0,1,1,0,0,256,0,1,436.47
0,1,1,1,0,0,1,0,0,0,0,1024,6,0,244.417
0,1,1,1,0,0,1,0,0,0,0,1024,4,2,255.227
0,1,0,1,1,0,0,0,0,1,0,1024,3,4,404.559
0,1,0,1,0,0,1,1,0,0,0,256,6,0,2111.7
0,1,0,1,0,1,0,0,1,0,0,256,5,4,475.433
0,1,0,1,0,1,1,0,0,0,0,64,4,2,346.022
0,1,0,1,1,0,0,0,1,0,0,64,0,6,321.664
0,1,0,1,0,0,0,1,0,1,0,256,6,3,3261.66
0,1,0,1,0,1,1,0,0,0,0,256,0,4,272.275
0,1,0,1,1,0,0,0,0,1,0,1024,4,6,532.237
1,1,0,1,0,0,0,0,1,0,0,64,4,0,171.684
0,1,1,1,0,0,0,0,1,0,0,4096,0,4,196.744
0,1,1,1,0,0,0,0,1,0,0,64,1,6,249.927
0,1,1,1,0,0,0,0,1,0,0,256,4,0,177.23
0,1,0,1,0,0,1,1,0,0,0,4096,0,1,499.11
0,1,0,1,0,0,0,1,1,0,0,64,5,5,3460.78
0,1,0,1,0,0,0,1,1,0,0,4096,2,3,1874.76
1,1,0,1,0,0,0,0,1,0,0,256,6,1,241.544
0,1,0,1,0,0,0,0,1,0,1,1024,4,0,188.774
1,1,0,1,0,0,1,0,0,0,0,4096,4,0,213.524
0,1,1,1,0,0,0,0,0,1,0,4096,3,3,273.169
0,1,0,1,1,0,0,0,1,0,0,64,2,6,401.671
0,1,0,1,0,1,0,0,1,0,0,1024,0,4,260.351
0,1,0,1,0,0,1,1,0,0,0,64,0,4,1497.51
1,1,0,1,0,0,0,0,0,1,0,64,3,2,210.01
0,1,1,1,0,0,0,0,0,1,0,256,1,5,251.292
0,1,0,1,0,0,0,1,0,1,0,256,0,4,1527.69
0,1,0,1,0,0,0,1,1,0,0,64,2,6,2788.82
0,1,0,1,0,1,0,0,1,0,0,1024,4,3,389.911
1,1,0,1,0,0,0,0,0,1,0,64,1,3,186.934
0,1,1,1,0,0,1,0,0,0,0,256,2,3,210.782
0,1,0,1,1,0,0,0,1,0,0,1024,2,2,244.653
0,1,0,1,1,0,1,0,0,0,0,64,0,6,324.106
0,1,0,1,0,0,1,1,0,0,0,4096,3,1,1570.61
0,1,0,1,0,0,1,0,0,0,1,256,3,4,284.616
0,1,1,1,0,0,1,0,0,0,0,64,4,0,176.019
1,1,0,1,0,0,1,0,0,0,0,256,5,4,301.574
0,1,1,1,0,0,1,0,0,0,0,256,1,1,133.786
1,1,0,1,0,0,1,0,0,0,0,1024,2,3,231.026
0,1,0,1,0,0,1,1,0,0,0,256,5,4,3139.14
0,1,1,1,0,0,0,0,1,0,0,64,6,5,345.516
0,1,0,1,0,1,0,0,0,1,0,4096,2,0,208.871
0,1,1,1,0,0,0,0,1,0,0,4096,0,5,221.383
0,1,0,1,0,0,0,0,0,1,1,256,5,5,383.352
0,1,1,1,0,0,0,0,1,0,0,1024,0,2,130.146
0,1,1,1,0,0,0,0,0,1,0,64,2,4,241.796
0,1,1,1,0,0,0,0,1,0,0,64,1,5,225.805
0,1,0,1,0,1,0,0,1,0,0,64,1,6,387.376
1,1,0,1,0,0,1,0,0,0,0,4096,4,2,289.801
1,1,0,1,0,0,0,0,0,1,0,4096,1,5,278.207
0,1,0,1,0,0,0,0,1,0,1,4096,6,0,260.171
1,1,0,1,0,0,0,0,1,0,0,4096,2,2,191.707
0,1,0,1,0,0,0,0,0,1,1,1024,4,5,379.913
0,1,0,1,0,0,0,1,0,1,0,1024,0,5,1856.03
1,1,0,1,0,0,0,0,0,1,0,4096,3,6,351.591
0,1,0,1,0,0,1,0,0,0,1,64,6,6,407.385
0,1,0,1,0,1,0,0,0,1,0,256,0,6,377.832
0,1,0,1,0,0,0,0,1,0,1,256,1,3,188.415
0,1,0,1,0,0,0,0,1,0,1,1024,0,3,165.587
0,1,0,1,0,1,1,0,0,0,0,256,0,2,178.019
1,1,0,1,0,0,0,0,0,1,0,256,2,6,292.644
0,1,0,1,1,0,1,0,0,0,0,64,6,0,322.768
0,1,0,1,1,0,1,0,0,0,0,1024,5,3,439.638
1,1,0,1,0,0,0,0,0,1,0,64,5,3,279.702
0,1,0,1,0,1,1,0,0,0,0,4096,5,0,342.136
0,1,0,1,0,0,0,0,0,1,1,4096,6,1,333
0,1,0,1,0,1,0,0,1,0,0,64,0,3,210.684
0,1,0,1,0,0,1,1,0,0,0,4096,5,3,2996.76
0,1,0,1,0,1,1,0,0,0,0,4096,0,5,385.583
0,1,0,1,0,1,0,0,0,1,0,64,5,5,539.357
0,1,1,1,0,0,0,0,0,1,0,1024,1,6,292.14
0,1,0,1,0,0,0,0,0,1,1,1024,4,2,289.078
0,1,0,1,1,0,1,0,0,0,0,256,0,3,211.581
0,1,0,1,0,0,1,0,0,0,1,256,6,2,309.514
0,1,0,1,1,0,0,0,1,0,0,1024,3,3,324.958
1,1,0,1,0,0,0,0,1,0,0,64,6,1,240.759
0,1,1,1,0,0,1,0,0,0,0,4096,1,0,121.278
0,1,0,1,0,0,1,1,0,0,0,4096,0,2,867.507
0,1,0,1,0,0,0,1,0,1,0,256,5,6,3974.93
0,1,1,1,0,0,0,0,0,1,0,256,2,5,275.362
0,1,0,1,0,0,0,1,0,1,0,256,5,5,3620.31
0,1,0,1,0,1,0,0,1,0,0,64,3,3,342.558
0,1,0,1,0,0,0,1,1,0,0,64,3,4,2445.99
1,1,0,1,0,0,0,0,1,0,0,1024,0,2,130.026
0,1,1,1,0,0,0,0,0,1,0,256,6,1,274.661
1,1,0,1,0,0,0,0,0,1,0,1024,0,4,212.082
0,1,0,1,0,1,0,0,0,1,0,64,4,6,537.286
0,1,0,1,1,0,0,0,0,1,0,4096,2,5,426.843
0,1,0,1,1,0,0,0,1,0,0,1024,6,4,485.828
0,1,1,1,0,0,1,0,0,0,0,4096,2,3,263.779
0,1,0,1,0,1,1,0,0,0,0,256,2,0,173.99
0,1,0,1,0,0,1,1,0,0,0,64,6,0,2184.08
0,1,0,1,0,1,1,0,0,0,0,64,5,0,301.309
0,1,0,1,0,1,0,0,0,1,0,1024,3,3,400.109
0,1,0,1,1,0,0,0,0,1,0,4096,4,5,508.081
0,1,1,1,0,0,1,0,0,0,0,4096,3,3,296.424
0,1,1,1,0,0,1,0,0,0,0,64,6,6,371.027
0,1,1,1,0,0,0,0,0,1,0,64,0,4,192.576
0,1,0,1,0,0,0,0,0,1,1,256,2,0,156.332
1,1,0,1,0,0,1,0,0,0,0,1024,0,6,258.152
0,1,1,1,0,0,0,0,0,1,0,4096,2,5,305.556
0,1,1,1,0,0,0,0,1,0,0,4096,2,3,221.54
1,1,0,1,0,0,0,0,1,0,0,256,2,1,149.744
0,1,0,1,0,1,0,0,1,0,0,64,4,3,385.081
0,1,0,1,0,0,0,0,1,0,1,256,3,4,267.851
0,1,1,1,0,0,1,0,0,0,0,1024,0,1,111.004
0,1,0,1,0,0,0,1,1,0,0,4096,0,6,2236.46
0,1,0,1,1,0,0,0,1,0,0,256,0,5,283.415
0,1,0,1,0,0,0,1,1,0,0,1024,2,0,757.245
0,1,1,1,0,0,0,0,0,1,0,64,3,6,314.74
0,1,0,1,0,0,0,0,1,0,1,1024,4,1,215.78
0,1,0,1,1,0,0,0,1,0,0,64,4,0,240.639
0,1,0,1,0,0,1,1,0,0,0,256,6,5,3812.03
0,1,0,1,0,0,1,0,0,0,1,1024,4,1,247.319
1,1,0,1,0,0,0,0,0,1,0,1024,2,6,314.429
1,1,0,1,0,0,1,0,0,0,0,1024,6,6,396.436
0,1,1,1,0,0,0,0,1,0,0,256,1,1,130.17
0,1,0,1,0,0,1,1,0,0,0,1024,1,2,1168.28
0,1,0,1,0,1,1,0,0,0,0,4096,1,3,335.472
0,1,0,1,0,1,1,0,0,0,0,256,2,3,316.09
0,1,0,1,0,0,1,0,0,0,1,1024,1,0,117.294
1,1,0,1,0,0,1,0,0,0,0,4096,0,5,274.107
0,1,0,1,0,0,1,0,0,0,1,64,4,3,272.653
0,1,0,1,0,0,1,1,0,0,0,256,2,1,1108.08
0,1,0,1,1,0,0,0,0,1,0,1024,5,5,526.648
0,1,1,1,0,0,0,0,0,1,0,256,2,0,153.049
0,1,0,1,1,0,0,0,1,0,0,64,3,4,361.14
0,1,1,1,0,0,0,0,0,1,0,4096,0,1,127.501
0,1,1,1,0,0,0,0,0,1,0,1024,4,4,315.95
0,1,0,1,0,0,0,0,1,0,1,256,0,6,242.981
0,1,0,1,0,1,0,0,0,1,0,1024,5,1,389.928
0,1,0,1,0,1,0,0,0,1,0,4096,6,2,509.646
1,1,0,1,0,0,0,0,0,1,0,4096,5,5,374.679
0,1,1,1,0,0,0,0,1,0,0,64,6,0,222.712
0,1,0,1,0,1,0,0,1,0,0,256,2,4,343.532
0,1,0,1,0,0,1,0,0,0,1,1024,2,1,193.105
0,1,0,1,0,0,1,0,0,0,1,1024,6,0,259.633
0,1,0,1,0,1,1,0,0,0,0,256,4,3,400.994
0,1,1,1,0,0,1,0,0,0,0,64,4,2,226.306
1,1,0,1,0,0,0,0,1,0,0,4096,6,0,234.825
0,1,0,1,0,0,0,0,1,0,1,1024,5,5,353.7
1,1,0,1,0,0,0,0,0,1,0,1024,0,5,239.188
0,1,1,1,0,0,0,0,1,0,0,4096,0,1,112.574
1,1,0,1,0,0,0,0,1,0,0,256,5,1,218.443
1,1,0,1,0,0,1,0,0,0,0,256,5,6,350.175
0,1,0,1,0,1,1,0,0,0,0,4096,6,0,388.501
1,1,0,1,0,0,0,0,0,1,0,256,4,2,242.961
0,1,0,1,0,1,0,0,1,0,0,1024,1,1,170.375
0,1,0,1,0,0,0,0,1,0,1,256,5,6,375.55
1,1,0,1,0,0,1,0,0,0,0,64,5,0,197.214
1,1,0,1,0,0,0,0,1,0,0,1024,5,1,222.425
0,1,0,1,0,0,1,1,0,0,0,64,1,5,2195.78
1,1,0,1,0,0,0,0,0,1,0,4096,3,4,300.527
0,1,1,1,0,0,0,0,1,0,0,1024,4,6,328.92
1,1,0,1,0,0,1,0,0,0,0,1024,5,6,372.474
0,1,0,1,0,0,1,1,0,0,0,1024,3,2,1866.56
0,1,0,1,0,1,1,0,0,0,0,256,4,5,491.871
0,1,0,1,0,0,0,0,0,1,1,4096,4,0,228.188
0,1,0,1,1,0,1,0,0,0,0,4096,2,4,386.912
0,1,0,1,0,0,1,1,0,0,0,1024,1,1,818.04
0,1,0,1,0,1,0,0,1,0,0,1024,2,0,170.091
0,1,0,1,1,0,0,0,0,1,0,64,2,4,335.718
1,1,0,1,0,0,0,0,0,1,0,256,4,3,266.11
1,1,0,1,0,0,1,0,0,0,0,4096,6,1,310.072
0,1,0,1,0,1,0,0,1,0,0,64,3,5,430.136
0,1,0,1,0,1,1,0,0,0,0,1024,4,1,332.618
0,1,0,1,0,0,1,1,0,0,0,256,0,4,1453.2
0,1,0,1,0,0,0,0,0,1,1,1024,6,2,346.303
0,1,0,1,0,0,0,0,1,0,1,64,2,1,159.326
0,1,0,1,0,0,0,1,1,0,0,64,3,6,3122.96
0,1,0,1,0,0,0,0,1,0,1,4096,5,5,384.32
0,1,0,1,1,0,0,0,1,0,0,256,5,3,403.002
0,1,0,1,0,1,0,0,0,1,0,256,4,2,376.292
0,1,0,1,1,0,1,0,0,0,0,256,6,0,330.937
1,1,0,1,0,0,0,0,1,0,0,4096,1,0,120.151
0,1,0,1,0,0,0,0,1,0,1,1024,2,3,218.106
1,1,0,1,0,0,1,0,0,0,0,256,4,1,206.248
0,1,0,1,0,1,1,0,0,0,0,4096,5,6,655.096
0,1,0,1,0,0,0,0,1,0,1,1024,2,0,136.121
1,1,0,1,0,0,0,0,1,0,0,4096,3,5,289.95
0,1,0,1,0,1,1,0,0,0,0,256,3,5,448.1
0,1,0,1,0,1,0,0,0,1,0,1024,0,4,302.027
1,1,0,1,0,0,0,0,0,1,0,1024,0,6,265.908
0,1,0,1,1,0,1,0,0,0,0,1024,5,2,396.948
0,1,0,1,0,0,0,0,0,1,1,256,3,6,356.598
0,1,0,1,1,0,0,0,1,0,0,256,3,0,201.08
0,1,1,1,0,0,1,0,0,0,0,4096,4,4,340.049
0,1,0,1,0,0,0,1,1,0,0,1024,1,5,2133.17
1,1,0,1,0,0,0,0,0,1,0,1024,4,6,359.703
0,1,0,1,0,0,0,0,0,1,1,4096,3,3,311.549
0,1,0,1,0,1,0,0,0,1,0,1024,5,6,628.25
0,1,0,1,1,0,0,0,1,0,0,4096,2,5,386.258
1,1,0,1,0,0,1,0,0,0,0,1024,1,1,147.416
1,1,0,1,0,0,0,0,1,0,0,64,3,3,218.678
0,1,0,1,0,0,0,1,0,1,0,1024,5,0,1804.9
0,1,0,1,1,0,1,0,0,0,0,64,5,3,403.769
0,1,0,1,0,0,0,1,1,0,0,256,5,3,2867.06
0,1,1,1,0,0,0,0,0,1,0,4096,4,2,272.695
0,1,1,1,0,0,0,0,1,0,0,4096,3,0,169.715
0,1,1,1,0,0,1,0,0,0,0,1024,4,1,223.829
0,1,0,1,1,0,0,0,1,0,0,4096,0,1,133.692
0,1,0,1,0,0,1,0,0,0,1,4096,1,6,360.705
0,1,0,1,0,0,1,1,0,0,0,4096,6,5,4047.76
0,1,1,1,0,0,0,0,1,0,0,256,6,3,299.183
0,1,0,1,0,0,1,1,0,0,0,1024,1,4,1876.76
0,1,0,1,0,0,0,0,0,1,1,4096,3,2,280.106
0,1,0,1,1,0,1,0,0,0,0,64,4,5,445.394
0,1,0,1,0,1,0,0,0,1,0,1024,3,6,535.374
0,1,0,1,0,1,0,0,0,1,0,256,3,3,377.164
0,1,0,1,0,1,0,0,0,1,0,256,6,3,510.83
0,1,0,1,0,1,1,0,0,0,0,64,5,5,524.609
1,1,0,1,0,0,1,0,0,0,0,1024,6,3,324.338
0,1,0,1,0,0,0,0,1,0,1,4096,4,1,237.988
0,1,0,1,0,1,0,0,1,0,0,64,1,4,297.958
0,1,1,1,0,0,1,0,0,0,0,64,0,2,126.258
1,1,0,1,0,0,0,0,0,1,0,4096,4,2,273.083
0,1,0,1,1,0,1,0,0,0,0,4096,5,0,328.533
0,1,0,1,1,0,0,0,1,0,0,1024,6,1,362.41
0,1,1,1,0,0,0,0,1,0,0,4096,2,5,271.78
0,1,0,1,0,1,0,0,0,1,0,256,1,4,333.181
0,1,0,1,0,0,1,0,0,0,1,64,4,4,300.785
0,1,0,1,0,1,0,0,0,1,0,1024,1,6,449.116
0,1,0,1,0,1,0,0,0,1,0,256,4,0,279.463
0,1,0,1,0,0,0,1,1,0,0,64,1,0,416.52
0,1,0,1,0,1,0,0,1,0,0,4096,2,0,185.338
1,1,0,1,0,0,1,0,0,0,0,1024,2,2,204.236
0,1,0,1,1,0,1,0,0,0,0,4096,2,3,350.539
0,1,0,1,0,0,0,1,1,0,0,4096,5,2,2580.18
0,1,0,1,0,1,0,0,1,0,0,256,0,4,256.64
0,1,0,1,1,0,1,0,0,0,0,256,2,6,417.659
0,1,0,1,0,1,0,0,1,0,0,1024,3,3,346.068
0,1,0,1,0,0,0,1,1,0,0,64,2,1,1093.25
0,1,0,1,1,0,0,0,0,1,0,64,0,4,255.081
0,1,0,1,0,0,1,0,0,0,1,4096,6,0,293.178
0,1,1,1,0,0,1,0,0,0,0,4096,2,4,300.002
0,1,0,1,0,0,0,1,0,1,0,1024,2,1,1149.22
1,1,0,1,0,0,0,0,0,1,0,1024,4,5,336.696
0,1,0,1,0,0,1,1,0,0,0,4096,4,5,3350.64
0,1,1,1,0,0,1,0,0,0,0,256,5,1,235.874
0,1,0,1,0,0,1,1,0,0,0,1024,2,3,1875.11
0,1,1,1,0,0,0,0,0,1,0,64,3,5,290.211
0,1,1,1,0,0,1,0,0,0,0,1024,0,5,231.892
0,1,1,1,0,0,0,0,0,1,0,1024,5,1,262.514
1,1,0,1,0,0,1,0,0,0,0,1024,4,2,255.548
0,1,0,1,1,0,0,0,0,1,0,4096,0,5,340.159
1,1,0,1,0,0,0,0,1,0,0,256,6,0,217.979
0,1,0,1,1,0,0,0,1,0,0,64,1,0,119.877
0,1,0,1,1,0,0,0,1,0,0,1024,2,5,365.989
0,1,0,1,0,1,1,0,0,0,0,256,4,6,535.447
0,1,0,1,0,0,0,0,0,1,1,64,1,4,229.336
1,1,0,1,0,0,1,0,0,0,0,1024,5,0,215.363
0,1,0,1,0,0,0,0,1,0,1,256,6,0,239.487
0,1,0,1,0,0,0,1,1,0,0,64,4,6,3462.71
0,1,0,1,1,0,1,0,0,0,0,256,5,6,538.46
0,1,1,1,0,0,1,0,0,0,0,4096,3,4,317.215
0,1,0,1,0,1,0,0,0,1,0,1024,6,2,489.002
0,1,0,1,0,1,1,0,0,0,0,64,1,6,393.502
0,1,1,1,0,0,0,0,1,0,0,1024,1,4,207.539
1,1,0,1,0,0,0,0,1,0,0,256,5,6,335.267
0,1,0,1,1,0,0,0,1,0,0,1024,4,6,486.641
0,1,1,1,0,0,0,0,0,1,0,64,1,6,266.699
0,1,0,1,1,0,1,0,0,0,0,64,4,6,486.572
0,1,1,1,0,0,0,0,1,0,0,256,5,2,250.038
0,1,1,1,0,0,0,0,1,0,0,1024,2,5,257.096
0,1,0,1,0,1,0,0,0,1,0,256,5,1,373.376
1,1,0,1,0,0,1,0,0,0,0,1024,1,6,279.252
0,1,1,1,0,0,0,0,0,1,0,4096,3,6,361.541
0,1,0,1,0,0,0,1,1,0,0,256,5,2,2523.99
0,1,1,1,0,0,0,0,0,1,0,1024,6,1,286.938
0,1,1,1,0,0,1,0,0,0,0,64,3,3,226.247
0,1,0,1,0,0,1,1,0,0,0,64,1,3,1492.14
0,1,0,1,1,0,1,0,0,0,0,1024,1,3,274.152
0,1,0,1,0,0,0,0,1,0,1,1024,2,4,245.168
0,1,1,1,0,0,0,0,0,1,0,1024,0,4,213.999
1,1,0,1,0,0,0,0,1,0,0,1024,0,5,200.56
0,1,0,1,1,0,0,0,1,0,0,256,3,4,363.108
0,1,0,1,0,0,0,1,1,0,0,64,1,2,1095.09
1,1,0,1,0,0,0,0,1,0,0,4096,2,1,166.348
0,1,0,1,1,0,1,0,0,0,0,256,1,6,377.267
0,1,0,1,1,0,0,0,0,1,0,256,0,3,224.055
1,1,0,1,0,0,0,0,1,0,0,64,6,6,357.218
0,1,0,1,1,0,0,0,1,0,0,1024,5,2,364.92
0,1,0,1,0,0,1,1,0,0,0,256,3,4,2462.68
0,1,1,1,0,0,1,0,0,0,0,4096,5,3,337.592
0,1,0,1,0,1,0,0,1,0,0,4096,1,6,423.544
0,1,0,1,0,1,1,0,0,0,0,64,0,6,350.245
0,1,0,1,0,0,0,1,0,1,0,64,4,4,2804.23
0,1,1,1,0,0,1,0,0,0,0,256,2,0,132.708
0,1,0,1,0,1,0,0,1,0,0,64,2,4,341.862
0,1,0,1,0,0,0,0,1,0,1,256,6,1,265.981
0,1,0,1,0,1,0,0,1,0,0,4096,5,2,417.074
0,1,1,1,0,0,0,0,1,0,0,256,4,4,274.791
0,1,0,1,0,0,0,0,0,1,1,256,5,6,413.903
0,1,1,1,0,0,0,0,0,1,0,4096,2,1,196.035
0,1,0,1,0,0,1,0,0,0,1,256,4,4,311.333
1,1,0,1,0,0,1,0,0,0,0,256,3,0,157.803
0,1,0,1,0,0,0,0,0,1,1,4096,1,5,320.737
0,1,0,1,0,0,1,0,0,0,1,64,1,4,219.56
0,1,0,1,1,0,0,0,1,0,0,4096,4,4,426.264
0,1,1,1,0,0,1,0,0,0,0,64,5,2,249.496
0,1,0,1,0,0,0,1,1,0,0,4096,6,3,3283.51
1,1,0,1,0,0,1,0,0,0,0,64,4,5,292.542
0,1,0,1,1,0,0,0,0,1,0,256,3,3,345.749
0,1,1,1,0,0,0,0,0,1,0,256,1,4,226.79
0,1,0,1,0,0,0,1,0,1,0,1024,3,0,1125.9
0,1,0,1,1,0,1,0,0,0,0,1024,6,0,340.343
0,1,0,1,0,1,0,0,1,0,0,64,4,5,473.341
0,1,0,1,0,1,1,0,0,0,0,4096,3,0,251.528
0,1,1,1,0,0,0,0,1,0,0,64,1,3,177.144
0,1,1,1,0,0,1,0,0,0,0,256,1,6,262.787
1,1,0,1,0,0,0,0,0,1,0,64,3,3,234.27
0,1,0,1,0,0,0,1,0,1,0,1024,0,3,1162.57
1,1,0,1,0,0,0,0,1,0,0,4096,3,0,165.955
1,1,0,1,0,0,0,0,1,0,0,256,2,3,196.951
0,1,0,1,1,0,1,0,0,0,0,4096,6,4,554.388
0,1,0,1,0,1,0,0,0,1,0,256,0,3,235.467
0,1,1,1,0,0,0,0,1,0,0,1024,3,4,256.484
0,1,0,1,0,0,1,1,0,0,0,4096,4,3,2643.58
0,1,0,1,1,0,1,0,0,0,0,64,3,4,363.677
0,1,0,1,0,1,0,0,1,0,0,1024,2,2,259.407
0,1,0,1,0,1,1,0,0,0,0,256,0,5,317.772
0,1,0,1,0,1,0,0,0,1,0,4096,2,5,474.844
0,1,0,1,0,0,1,0,0,0,1,256,2,0,140.738
1,1,0,1,0,0,1,0,0,0,0,4096,5,2,313.231
0,1,0,1,0,0,1,1,0,0,0,4096,3,0,1184.5
0,1,0,1,0,0,0,0,0,1,1,4096,6,3,399.194
0,1,0,1,0,0,0,1,0,1,0,64,4,1,1784.78
1,1,0,1,0,0,0,0,0,1,0,64,4,0,185.433
0,1,0,1,0,0,0,0,0,1,1,1024,4,3,320.645
0,1,0,1,1,0,0,0,0,1,0,4096,0,6,386.942
0,1,0,1,0,0,1,1,0,0,0,64,6,3,3238.92
0,1,0,1,0,0,0,0,1,0,1,1024,3,1,189.501
0,1,1,1,0,0,0,0,0,1,0,256,4,4,299.336
0,1,1,1,0,0,0,0,1,0,0,1024,6,3,304.715
0,1,0,1,0,0,0,1,0,1,0,1024,6,5,3892.91
0,1,0,1,0,1,1,0,0,0,0,4096,0,6,430.451
0,1,0,1,0,0,0,0,0,1,1,4096,1,4,288.411
1,1,0,1,0,0,0,0,0,1,0,4096,5,2,299.603
0,1,1,1,0,0,0,0,0,1,0,256,3,2,226.498
0,1,0,1,0,0,0,0,0,1,1,1024,2,5,325.036
1,1,0,1,0,0,1,0,0,0,0,4096,1,3,240.125
0,1,0,1,0,1,1,0,0,0,0,256,1,3,272.76
0,1,0,1,1,0,0,0,0,1,0,256,5,2,386.243
0,1,0,1,1,0,0,0,0,1,0,256,4,1,305.259
0,1,1,1,0,0,0,0,0,1,0,4096,3,4,304.788
0,1,0,1,0,0,0,0,1,0,1,1024,1,0,109.527
0,1,0,1,1,0,0,0,1,0,0,64,6,2,407.302
0,1,1,1,0,0,1,0,0,0,0,1024,3,4,283.132
1,1,0,1,0,0,1,0,0,0,0,1024,4,0,193.63
0,1,0,1,1,0,0,0,1,0,0,256,5,4,442.947
0,1,0,1,1,0,1,0,0,0,0,256,4,5,457.009
1,1,0,1,0,0,0,0,0,1,0,64,6,6,372.552
1,1,0,1,0,0,1,0,0,0,0,64,4,3,244.475
0,1,0,1,0,1,0,0,0,1,0,256,5,6,602.058
0,1,1,1,0,0,0,0,1,0,0,256,1,5,227.599
0,1,1,1,0,0,0,0,0,1,0,64,6,4,337.694
1,1,0,1,0,0,0,0,0,1,0,256,6,0,242.875
0,1,0,1,1,0,1,0,0,0,0,64,6,1,364.335
0,1,0,1,0,1,0,0,1,0,0,4096,5,6,601.159
1,1,0,1,0,0,0,0,1,0,0,64,6,2,264.699
1,1,0,1,0,0,0,0,0,1,0,1024,1,2,184.375
0,1,0,1,1,0,1,0,0,0,0,4096,1,1,200.315
0,1,0,1,0,1,0,0,1,0,0,64,5,0,302.857
0,1,0,1,0,0,0,1,0,1,0,1024,2,2,1496.06
0,1,0,1,0,0,0,0,1,0,1,1024,4,2,244.013
0,1,0,1,1,0,1,0,0,0,0,256,6,1,376.184
0,1,0,1,0,0,0,1,1,0,0,64,3,5,2783.73
0,1,1,1,0,0,1,0,0,0,0,1024,6,3,334.34
0,1,0,1,0,0,0,0,1,0,1,4096,5,0,233.949
0,1,0,1,1,0,0,0,0,1,0,4096,6,1,416.085
0,1,1,1,0,0,1,0,0,0,0,1024,0,2,143.739
1,1,0,1,0,0,0,0,1,0,0,256,3,0,150.009
0,1,1,1,0,0,0,0,1,0,0,1024,5,5,329.329
0,1,0,1,0,0,1,0,0,0,1,64,6,1,270.462
0,1,0,1,1,0,1,0,0,0,0,4096,3,1,304.165
0,1,0,1,1,0,0,0,0,1,0,64,3,5,416.829
0,1,0,1,1,0,0,0,0,1,0,1024,5,1,356.911
0,1,0,1,1,0,1,0,0,0,0,4096,3,0,245.38
0,1,1,1,0,0,1,0,0,0,0,4096,5,1,289.659
0,1,0,1,0,0,1,1,0,0,0,64,2,3,1839.8
0,1,0,1,1,0,0,0,1,0,0,4096,4,0,258.641
0,1,1,1,0,0,0,0,0,1,0,1024,5,5,368.533
0,1,0,1,0,0,0,0,0,1,1,4096,2,6,380.531
1,1,0,1,0,0,0,0,1,0,0,1024,0,1,103.959
0,1,0,1,0,0,0,1,0,1,0,256,3,4,2565.49
0,1,0,1,0,0,0,0,1,0,1,4096,6,5,410.636
0,1,1,1,0,0,1,0,0,0,0,256,0,4,185.756
0,1,0,1,0,1,0,0,1,0,0,64,1,2,211.523
0,1,0,1,0,0,0,1,1,0,0,4096,3,2,1867.31
0,1,1,1,0,0,1,0,0,0,0,256,0,1,104.879
0,1,0,1,0,0,0,1,0,1,0,64,6,3,3143.16
1,1,0,1,0,0,0,0,1,0,0,64,2,3,195.378
0,1,0,1,0,0,0,0,0,1,1,256,3,4,300.48
0,1,0,1,0,1,1,0,0,0,0,4096,2,6,515.107
1,1,0,1,0,0,0,0,0,1,0,64,1,1,137.698
0,1,0,1,1,0,0,0,0,1,0,1024,6,4,525.469
0,1,0,1,0,0,0,1,1,0,0,64,0,2,761.665
1,1,0,1,0,0,0,0,1,0,0,1024,6,3,292.928
0,1,0,1,0,0,0,0,1,0,1,256,4,5,322.681
0,1,0,1,0,0,1,0,0,0,1,4096,5,1,316.382
0,1,0,1,1,0,0,0,0,1,0,1024,6,6,611.143
0,1,0,1,1,0,0,0,0,1,0,1024,1,4,321.616
0,1,0,1,1,0,1,0,0,0,0,256,5,5,497.878
0,1,0,1,1,0,1,0,0,0,0,1024,2,5,397.982
0,1,0,1,1,0,0,0,1,0,0,4096,4,1,299.492
0,1,0,1,0,1,0,0,0,1,0,256,1,1,191.542
0,1,0,1,0,1,1,0,0,0,0,4096,1,2,287.391
0,1,0,1,0,0,0,0,0,1,1,256,2,2,213.123
0,1,0,1,0,0,0,1,1,0,0,4096,4,1,1871.59
0,1,0,1,0,0,0,1,0,1,0,256,1,1,806.62
0,1,0,1,0,1,0,0,1,0,0,4096,1,4,331.312
0,1,0,1,0,0,0,0,0,1,1,256,4,4,327.239
0,1,0,1,0,0,0,0,0,1,1,256,5,3,327.131
0,1,0,1,0,0,0,0,0,1,1,1024,0,3,206.33
0,1,0,1,0,0,1,0,0,0,1,256,6,3,334.173
0,1,0,1,0,0,0,0,1,0,1,256,0,4,188.728
0,1,0,1,0,1,0,0,1,0,0,1024,5,6,569.473
0,1,0,1,0,0,1,0,0,0,1,64,0,4,192.368
0,1,0,1,1,0,1,0,0,0,0,64,5,2,363.499
0,1,1,1,0,0,0,0,0,1,0,256,0,1,116.806
0,1,0,1,0,1,0,0,1,0,0,64,6,2,431.754
0,1,1,1,0,0,0,0,1,0,0,64,6,3,297.07
1,1,0,1,0,0,0,0,0,1,0,1024,1,4,235.483
0,1,0,1,0,1,1,0,0,0,0,256,6,3,490.435
1,1,0,1,0,0,1,0,0,0,0,64,0,2,126.822
0,1,0,1,0,0,1,0,0,0,1,4096,3,4,353.063
0,1,0,1,0,1,0,0,1,0,0,1024,1,4,303.839
0,1,0,1,0,1,0,0,1,0,0,4096,5,4,510.131
0,1,0,1,0,1,0,0,0,1,0,256,5,4,511.5
0,1,0,1,0,0,0,0,0,1,1,4096,2,4,316.915
0,1,0,1,1,0,0,0,0,1,0,4096,6,6,633.52
0,1,0,1,1,0,1,0,0,0,0,256,3,2,294.523
1,1,0,1,0,0,0,0,1,0,0,256,6,3,288.878
0,1,0,1,0,0,1,1,0,0,0,256,5,0,1774.68
0,1,0,1,0,0,0,1,0,1,0,256,2,4,2222.27
0,1,0,1,0,0,0,1,1,0,0,1024,0,6,2142.69
0,1,0,1,0,1,1,0,0,0,0,256,5,5,535.974
0,1,0,1,0,0,1,0,0,0,1,256,0,1,114.311
1,1,0,1,0,0,1,0,0,0,0,1024,2,0,143.214
0,1,0,1,0,0,1,1,0,0,0,64,3,5,2890.07
1,1,0,1,0,0,0,0,1,0,0,4096,4,3,263.914
0,1,0,1,1,0,0,0,1,0,0,64,1,5,321.621
0,1,1,1,0,0,1,0,0,0,0,4096,1,6,318.8
0,1,0,1,1,0,0,0,0,1,0,1024,1,0,152.443
0,1,0,1,0,0,1,1,0,0,0,4096,4,0,1533.49
0,1,0,1,0,0,0,0,0,1,1,64,1,2,175.101
1,1,0,1,0,0,0,0,1,0,0,256,6,6,357.234
0,1,0,1,0,0,1,0,0,0,1,4096,4,1,287.771
0,1,0,1,0,0,1,0,0,0,1,64,4,6,353.821
0,1,0,1,1,0,0,0,0,1,0,256,0,6,349.546
0,1,0,1,1,0,1,0,0,0,0,1024,6,2,438.72
0,1,0,1,1,0,0,0,0,1,0,256,1,4,304.86
1,1,0,1,0,0,0,0,0,1,0,64,0,1,110.421
0,1,0,1,1,0,1,0,0,0,0,4096,0,1,141.922
1,1,0,1,0,0,1,0,0,0,0,1024,0,5,232.833
0,1,0,1,0,0,1,1,0,0,0,1024,6,6,4327.98
0,1,0,1,0,1,1,0,0,0,0,4096,4,3,467.612
1,1,0,1,0,0,0,0,0,1,0,64,5,2,256.752
0,1,0,1,0,0,1,0,0,0,1,256,4,5,337.304
0,1,1,1,0,0,1,0,0,0,0,1024,6,4,358.481
1,1,0,1,0,0,0,0,1,0,0,4096,5,1,237.562
0,1,0,1,0,0,0,1,0,1,0,1024,1,1,806.951
1,1,0,1,0,0,0,0,0,1,0,4096,4,0,211.136
0,1,0,1,0,0,0,0,1,0,1,64,1,1,132.929
0,1,0,1,1,0,1,0,0,0,0,1024,6,6,599.769
0,1,0,1,0,0,0,0,1,0,1,256,6,5,375.513
0,1,0,1,0,1,0,0,0,1,0,64,0,4,268.768
1,1,0,1,0,0,0,0,1,0,0,1024,1,4,200.228
0,1,1,1,0,0,1,0,0,0,0,4096,5,2,319.796
0,1,0,1,0,0,0,1,0,1,0,4096,5,5,3687.18
1,1,0,1,0,0,1,0,0,0,0,4096,2,1,209.363
0,1,0,1,0,0,0,0,1,0,1,1024,6,5,379.919
1,1,0,1,0,0,1,0,0,0,0,256,2,0,133.363
0,1,0,1,0,0,1,0,0,0,1,4096,5,5,431.101
0,1,0,1,0,1,0,0,0,1,0,64,5,3,445.323
0,1,1,1,0,0,0,0,0,1,0,4096,5,1,269.004
0,1,1,1,0,0,0,0,1,0,0,1024,6,5,353.647
0,1,0,1,1,0,1,0,0,0,0,256,6,4,496.61
0,1,0,1,1,0,0,0,1,0,0,1024,1,3,244.872
0,1,1,1,0,0,0,0,1,0,0,64,6,6,369.28
0,1,0,1,0,1,0,0,1,0,0,64,6,0,340.01
1,1,0,1,0,0,0,0,1,0,0,1024,3,1,175.527
0,1,0,1,1,0,1,0,0,0,0,1024,6,3,476.373
0,1,0,1,0,0,1,0,0,0,1,256,3,2,231.435
0,1,0,1,0,0,0,1,0,1,0,4096,5,1,2272.78
0,1,0,1,0,0,0,1,1,0,0,64,6,2,2780.57
1,1,0,1,0,0,1,0,0,0,0,256,6,4,325.152
0,1,0,1,1,0,0,0,0,1,0,1024,1,1,193.11
0,1,0,1,1,0,1,0,0,0,0,1024,4,3,399.761
0,1,0,1,0,0,0,1,1,0,0,1024,3,0,1100.7
0,1,0,1,0,1,1,0,0,0,0,256,2,2,272.645
0,1,1,1,0,0,0,0,1,0,0,1024,4,1,205.516
0,1,0,1,0,0,0,1,1,0,0,1024,6,2,2807.77
0,1,0,1,1,0,0,0,1,0,0,64,6,6,561.797
1,1,0,1,0,0,1,0,0,0,0,4096,2,3,261.817
1,1,0,1,0,0,0,0,0,1,0,64,0,6,233.686
0,1,0,1,1,0,0,0,0,1,0,1024,3,3,363.173
0,1,1,1,0,0,0,0,0,1,0,256,3,5,299.929
0,1,0,1,0,0,0,0,0,1,1,4096,3,1,243.833
1,1,0,1,0,0,1,0,0,0,0,256,4,0,182.28
0,1,0,1,0,0,0,0,0,1,1,4096,6,5,459.323
0,1,0,1,0,1,0,0,0,1,0,256,0,2,190.957
0,1,0,1,0,0,0,1,0,1,0,256,1,5,2230.17
0,1,0,1,0,0,1,0,0,0,1,4096,1,0,137.844
0,1,0,1,1,0,1,0,0,0,0,64,1,3,242.077
0,1,1,1,0,0,0,0,1,0,0,1024,4,5,304.8
0,1,0,1,0,0,0,0,1,0,1,256,5,1,239.354
0,1,0,1,1,0,0,0,0,1,0,4096,0,2,202.096
0,1,1,1,0,0,0,0,0,1,0,256,3,6,323.996
0,1,1,1,0,0,1,0,0,0,0,4096,1,5,289.429
0,1,0,1,1,0,1,0,0,0,0,4096,3,3,386.432
0,1,0,1,0,0,0,1,1,0,0,256,1,1,778.328
0,1,0,1,0,1,0,0,1,0,0,256,4,5,476.265
0,1,0,1,0,0,0,1,1,0,0,1024,6,0,2122.92
0,1,0,1,1,0,0,0,1,0,0,4096,4,2,342.019
0,1,0,1,0,0,0,0,0,1,1,4096,1,6,353.904
0,1,0,1,1,0,0,0,0,1,0,1024,2,3,321.33
0,1,0,1,0,0,0,1,0,1,0,1024,0,1,460.356
0,1,0,1,0,0,0,1,0,1,0,1024,0,2,816.446
0,1,0,1,1,0,1,0,0,0,0,4096,6,0,364.021
0,1,0,1,0,0,0,0,1,0,1,1024,0,4,192.136
1,1,0,1,0,0,0,0,0,1,0,256,6,3,316.041
1,1,0,1,0,0,0,0,1,0,0,256,5,0,195.721
1,1,0,1,0,0,0,0,1,0,0,64,0,4,172.476
0,1,0,1,0,0,0,0,0,1,1,4096,5,1,300.581
0,1,0,1,1,0,0,0,1,0,0,64,6,1,359.453
0,1,0,1,0,1,1,0,0,0,0,256,4,2,358.859
0,1,0,1,1,0,0,0,0,1,0,4096,6,0,361.687
1,1,0,1,0,0,0,0,0,1,0,256,3,5,292.692
0,1,0,1,0,0,1,1,0,0,0,256,2,6,2801.97
0,1,0,1,0,0,1,1,0,0,0,64,4,0,1477.41
1,1,0,1,0,0,0,0,0,1,0,4096,3,3,272.865
0,1,1,1,0,0,0,0,0,1,0,64,0,2,137.005
1,1,0,1,0,0,0,0,0,1,0,1024,5,1,255.367
0,1,0,1,0,0,0,0,0,1,1,4096,6,6,493.09
0,1,0,1,0,0,0,1,1,0,0,4096,2,4,2229.74
0,1,0,1,1,0,0,0,1,0,0,64,1,4,281.028
1,1,0,1,0,0,0,0,1,0,0,4096,0,6,245.632
1,1,0,1,0,0,0,0,1,0,0,4096,2,0,143.087
0,1,0,1,0,0,0,0,0,1,1,64,4,6,369.355
0,1,0,1,0,0,0,0,1,0,1,4096,3,0,178.618
0,1,0,1,0,0,0,1,1,0,0,64,4,4,2785.28
1,1,0,1,0,0,1,0,0,0,0,64,5,5,317.131
0,1,0,1,1,0,0,0,0,1,0,1024,0,3,234.935
0,1,0,1,0,0,0,1,0,1,0,1024,4,2,2177.82
0,1,0,1,1,0,0,0,0,1,0,4096,5,1,373.759
0,1,0,1,0,1,1,0,0,0,0,64,6,5,568.507
0,1,1,1,0,0,0,0,0,1,0,4096,2,6,331.128
1,1,0,1,0,0,0,0,1,0,0,256,4,6,312.586
0,1,0,1,0,0,0,0,0,1,1,64,0,2,148.221
1,1,0,1,0,0,0,0,0,1,0,1024,6,0,251.03
0,1,0,1,0,0,1,0,0,0,1,4096,6,2,380.405
0,1,0,1,0,0,1,1,0,0,0,4096,0,4,1575.59
0,1,0,1,0,0,1,1,0,0,0,4096,3,2,1931.86
1,1,0,1,0,0,0,0,1,0,0,256,3,2,196.931
0,1,0,1,0,0,0,1,0,1,0,256,3,5,2922.82
0,1,1,1,0,0,0,0,0,1,0,4096,5,0,240.578
0,1,0,1,0,0,0,0,1,0,1,256,6,2,294.309
0,1,0,1,1,0,0,0,1,0,0,4096,3,1,257.355
1,1,0,1,0,0,1,0,0,0,0,1024,2,6,303.589
0,1,0,1,1,0,1,0,0,0,0,1024,5,0,302.21
0,1,0,1,0,0,0,1,0,1,0,4096,6,5,4039.04
1,1,0,1,0,0,0,0,0,1,0,256,3,1,196.195
0,1,0,1,0,0,0,1,1,0,0,64,4,3,2446.32
0,1,1,1,0,0,0,0,1,0,0,4096,1,4,222.277
0,1,0,1,0,0,0,0,0,1,1,64,0,4,202.61
0,1,0,1,0,0,1,1,0,0,0,256,5,2,2460.75
0,1,0,1,0,0,0,1,1,0,0,64,5,1,2102.31
0,1,0,1,1,0,1,0,0,0,0,256,2,1,212.401
0,1,0,1,0,1,1,0,0,0,0,256,4,1,313.291
0,1,0,1,1,0,0,0,1,0,0,4096,2,3,302.065
0,1,0,1,0,0,0,1,0,1,0,256,1,3,1517.28
0,1,0,1,1,0,1,0,0,0,0,1024,2,2,272.811
0,1,0,1,0,0,0,1,0,1,0,1024,5,5,3540.49
0,1,1,1,0,0,0,0,0,1,0,1024,2,1,188.903
1,1,0,1,0,0,0,0,1,0,0,4096,1,4,217.933
0,1,0,1,0,0,0,0,1,0,1,1024,6,4,351.818
0,1,0,1,0,0,0,1,0,1,0,256,6,0,2191.43
0,1,0,1,0,0,0,1,0,1,0,64,1,3,1454.18
0,1,0,1,0,1,1,0,0,0,0,4096,6,1,462.4
0,1,1,1,0,0,1,0,0,0,0,256,5,4,311.901
0,1,1,1,0,0,1,0,0,0,0,1024,1,5,258.804
0,1,0,1,0,0,1,1,0,0,0,1024,0,3,1179.13
0,1,0,1,0,0,0,0,1,0,1,256,1,5,242.795
0,1,1,1,0,0,0,0,1,0,0,256,4,1,201.951
0,1,0,1,0,0,0,0,0,1,1,4096,5,2,337.834
0,1,0,1,0,0,0,0,1,0,1,1024,3,2,217.689
0,1,0,1,0,0,1,1,0,0,0,256,3,0,1100.22
1,1,0,1,0,0,0,0,1,0,0,1024,2,1,152.403
0,1,0,1,0,0,1,0,0,0,1,256,3,3,255.918
0,1,0,1,0,0,0,1,0,1,0,1024,5,3,2868.69
0,1,0,1,0,0,1,1,0,0,0,64,5,6,3951.83
1,1,0,1,0,0,0,0,0,1,0,1024,1,3,208.913
0,1,0,1,0,1,0,0,0,1,0,1024,5,3,488.169
0,1,1,1,0,0,0,0,1,0,0,1024,3,5,281.339
0,1,0,1,1,0,0,0,1,0,0,4096,3,5,426.654
0,1,0,1,1,0,0,0,0,1,0,64,2,2,254.868
0,1,0,1,1,0,1,0,0,0,0,4096,4,2,383.638
0,1,0,1,0,0,1,0,0,0,1,1024,6,4,387.381
0,1,0,1,0,0,0,0,0,1,1,4096,0,6,323.396
1,1,0,1,0,0,0,0,1,0,0,1024,3,0,152.366
1,1,0,1,0,0,0,0,0,1,0,256,0,3,172.829
0,1,0,1,0,0,0,0,1,0,1,64,2,4,241.359
0,1,0,1,1,0,0,0,1,0,0,64,2,0,160.052
0,1,0,1,1,0,1,0,0,0,0,1024,5,6,559.253
0,1,0,1,0,1,1,0,0,0,0,256,5,6,579.613
1,1,0,1,0,0,0,0,0,1,0,64,5,5,326.457
0,1,0,1,0,0,0,0,0,1,1,256,1,5,273.712
0,1,0,1,0,0,0,0,1,0,1,64,2,3,214.015
1,1,0,1,0,0,0,0,1,0,0,256,5,3,266.028
0,1,0,1,0,0,0,1,1,0,0,4096,1,2,1168.43
0,1,0,1,0,0,0,1,0,1,0,1024,6,2,2865.86
0,1,0,1,1,0,1,0,0,0,0,64,1,5,323.105
0,1,0,1,0,1,1,0,0,0,0,64,4,1,302.136
0,1,0,1,1,0,0,0,1,0,0,1024,3,0,202.885
0,1,0,1,0,0,0,1,0,1,0,256,5,1,2210.92
0,1,0,1,0,0,0,0,1,0,1,1024,1,3,191.84
0,1,0,1,1,0,0,0,0,1,0,4096,3,0,241.83
1,1,0,1,0,0,1,0,0,0,0,64,3,1,174.024
0,1,0,1,0,0,0,1,0,1,0,4096,0,2,852.556
0,1,1,1,0,0,0,0,1,0,0,64,5,6,346.012
0,1,0,1,0,1,0,0,1,0,0,4096,5,5,556.355
0,1,0,1,1,0,0,0,1,0,0,1024,5,5,485.839
1,1,0,1,0,0,1,0,0,0,0,256,6,0,228.642
0,1,1,1,0,0,1,0,0,0,0,64,6,3,299.009
0,1,0,1,1,0,0,0,1,0,0,64,1,2,200.735
1,1,0,1,0,0,1,0,0,0,0,64,3,2,197.433
0,1,0,1,0,0,0,1,1,0,0,64,2,0,752.307
0,1,0,1,0,0,0,0,1,0,1,64,1,0,106.113
0,1,0,1,1,0,0,0,1,0,0,64,1,1,159.659
1,1,0,1,0,0,0,0,1,0,0,64,1,3,172.229
0,1,0,1,0,0,0,0,1,0,1,1024,5,3,297.565
0,1,0,1,0,0,1,1,0,0,0,4096,6,0,2249.17
1,1,0,1,0,0,0,0,0,1,0,256,3,2,219.376
0,1,0,1,0,0,1,0,0,0,1,64,6,4,354.278
0,1,0,1,0,1,0,0,1,0,0,1024,5,2,387.547
0,1,1,1,0,0,0,0,0,1,0,256,2,2,202.155
0,1,0,1,0,0,1,0,0,0,1,64,1,3,190.593
1,1,0,1,0,0,0,0,0,1,0,256,2,4,243.096
0,1,1,1,0,0,1,0,0,0,0,4096,0,1,123.445
0,1,0,1,0,0,0,1,1,0,0,256,0,6,2199.14
0,1,0,1,1,0,0,0,0,1,0,1024,4,0,271.768
1,1,0,1,0,0,0,0,0,1,0,4096,1,1,165.83
0,1,0,1,1,0,1,0,0,0,0,4096,3,6,516.315
0,1,1,1,0,0,0,0,1,0,0,4096,5,5,346.506
1,1,0,1,0,0,0,0,1,0,0,1024,5,6,339.786
1,1,0,1,0,0,0,0,1,0,0,64,0,1,100.444
0,1,0,1,1,0,1,0,0,0,0,4096,0,6,395.285
1,1,0,1,0,0,0,0,1,0,0,256,2,2,173.667
0,1,0,1,1,0,0,0,1,0,0,256,5,5,483.494
0,1,0,1,0,0,0,0,0,1,1,4096,0,5,288.063
1,1,0,1,0,0,0,0,0,1,0,64,2,2,186.856
0,1,1,1,0,0,0,0,0,1,0,1024,0,3,183.512
1,1,0,1,0,0,0,0,0,1,0,4096,6,0,257.126
1,1,0,1,0,0,0,0,1,0,0,64,0,6,218.715
0,1,0,1,0,1,0,0,1,0,0,64,2,3,298.42
0,1,0,1,0,0,0,0,0,1,1,64,6,3,339.02
0,1,0,1,0,1,0,0,1,0,0,1024,4,6,523.376
0,1,0,1,0,0,0,0,1,0,1,1024,5,6,380.399
1,1,0,1,0,0,1,0,0,0,0,1024,3,6,325.202
0,1,0,1,0,0,0,1,0,1,0,256,6,6,4313.77
1,1,0,1,0,0,0,0,0,1,0,1024,5,4,336.024
0,1,1,1,0,0,1,0,0,0,0,256,3,0,159.299
0,1,0,1,0,1,0,0,1,0,0,4096,6,3,507.552
0,1,1,1,0,0,0,0,0,1,0,256,2,3,226.841
0,1,1,1,0,0,0,0,0,1,0,64,3,0,166.679
0,1,0,1,1,0,0,0,1,0,0,4096,4,3,383.148
0,1,0,1,1,0,1,0,0,0,0,4096,1,6,439.724
0,1,0,1,1,0,1,0,0,0,0,64,5,4,445.488
0,1,0,1,0,1,1,0,0,0,0,256,1,4,316.64
1,1,0,1,0,0,0,0,0,1,0,256,5,0,219.516
1,1,0,1,0,0,0,0,0,1,0,4096,3,1,216.063
0,1,0,1,0,0,0,0,1,0,1,4096,1,5,276.367
0,1,0,1,0,1,0,0,1,0,0,4096,0,3,235.386
0,1,1,1,0,0,0,0,0,1,0,4096,0,6,279.184
0,1,0,1,1,0,0,0,0,1,0,64,0,6,336.461
0,1,1,1,0,0,0,0,0,1,0,64,1,5,242.155
0,1,0,1,0,1,1,0,0,0,0,4096,3,2,381.927
0,1,0,1,0,0,0,1,1,0,0,1024,4,2,2123.23
0,1,0,1,0,1,1,0,0,0,0,64,2,0,168.738
0,1,0,1,1,0,1,0,0,0,0,4096,5,1,384.77
0,1,0,1,0,1,0,0,1,0,0,1024,6,6,615.88
0,1,0,1,1,0,1,0,0,0,0,64,3,0,201.456
0,1,0,1,0,1,0,0,1,0,0,64,1,0,123.342
0,1,0,1,0,1,0,0,1,0,0,64,0,4,254.546
0,1,0,1,0,1,0,0,1,0,0,64,4,0,253.101
0,1,0,1,0,1,0,0,0,1,0,64,2,0,180.872
0,1,1,1,0,0,0,0,1,0,0,1024,2,3,207.222
0,1,0,1,0,1,0,0,0,1,0,64,6,4,534.299
0,1,0,1,0,0,0,0,1,0,1,64,0,5,214.97
1,1,0,1,0,0,0,0,0,1,0,1024,6,6,411.667
0,1,0,1,0,0,1,1,0,0,0,1024,2,4,2226.6
0,1,0,1,0,1,1,0,0,0,0,1024,3,2,339.052
0,1,0,1,0,1,1,0,0,0,0,4096,0,3,285.635
0,1,0,1,0,0,0,1,0,1,0,256,2,1,1162.89
0,1,0,1,1,0,0,0,0,1,0,1024,5,4,487.467
0,1,0,1,0,0,0,0,0,1,1,64,5,1,253.607
0,1,0,1,0,1,1,0,0,0,0,64,2,4,349.363
0,1,0,1,1,0,0,0,0,1,0,64,1,1,172.493
0,1,0,1,0,0,0,1,0,1,0,1024,5,4,3202.27
0,1,0,1,1,0,0,0,1,0,0,256,1,4,282.785
0,1,0,1,1,0,0,0,0,1,0,4096,3,5,466.938
0,1,0,1,0,0,0,0,0,1,1,256,6,6,440.814
1,1,0,1,0,0,1,0,0,0,0,1024,0,4,206.349
0,1,0,1,0,0,0,1,1,0,0,4096,4,2,2225.32
0,1,0,1,1,0,0,0,1,0,0,256,4,0,241.497
0,1,0,1,0,0,0,0,1,0,1,64,6,0,239.383
0,1,1,1,0,0,1,0,0,0,0,256,4,5,311.09
0,1,0,1,0,1,1,0,0,0,0,1024,6,2,460.871
0,1,0,1,0,0,0,0,0,1,1,64,3,2,228.533
0,1,0,1,0,0,0,1,1,0,0,4096,1,1,809.877
1,1,0,1,0,0,0,0,1,0,0,64,2,2,172.497
0,1,0,1,0,0,0,0,1,0,1,64,5,5,349.14
0,1,0,1,0,1,0,0,0,1,0,1024,3,0,243.181
0,1,0,1,0,0,1,0,0,0,1,64,2,6,299.517
1,1,0,1,0,0,0,0,1,0,0,256,6,4,311.714
0,1,0,1,1,0,0,0,1,0,0,64,1,6,362.132
0,1,1,1,0,0,0,0,0,1,0,4096,6,5,406.114
0,1,0,1,0,1,0,0,0,1,0,64,3,5,449.987
0,1,0,1,0,0,0,1,1,0,0,4096,2,5,2583.52
1,1,0,1,0,0,0,0,0,1,0,64,4,4,279.605
1,1,0,1,0,0,1,0,0,0,0,4096,5,4,361.36
0,1,1,1,0,0,1,0,0,0,0,64,3,1,176.492
0,1,1,1,0,0,1,0,0,0,0,4096,3,2,262.217
1,1,0,1,0,0,0,0,0,1,0,256,2,0,149.038
0,1,1,1,0,0,1,0,0,0,0,1024,2,2,201.03
0,1,1,1,0,0,0,0,0,1,0,256,4,3,275.224
0,1,0,1,0,1,0,0,1,0,0,256,3,4,386.912
1,1,0,1,0,0,0,0,1,0,0,4096,5,4,311.306
0,1,0,1,0,1,0,0,1,0,0,4096,6,0,357.808
0,1,1,1,0,0,0,0,1,0,0,64,5,1,223.301
0,1,0,1,0,1,0,0,1,0,0,256,1,0,124.549
0,1,1,1,0,0,0,0,0,1,0,4096,6,3,354.322
0,1,0,1,0,1,0,0,1,0,0,1024,3,2,302.946
0,1,0,1,0,0,1,1,0,0,0,4096,2,4,2286.12
0,1,0,1,0,1,0,0,0,1,0,4096,4,2,419.349
0,1,0,1,0,0,1,1,0,0,0,1024,1,3,1526.49
1,1,0,1,0,0,0,0,1,0,0,256,4,5,289.785
1,1,0,1,0,0,0,0,1,0,0,4096,3,4,264.234
1,1,0,1,0,0,0,0,1,0,0,64,6,5,334.134
0,1,0,1,1,0,0,0,1,0,0,4096,6,0,338.399
0,1,0,1,0,0,0,0,0,1,1,64,1,3,202.524
0,1,0,1,0,0,1,1,0,0,0,1024,3,4,2576.68
0,1,0,1,0,1,0,0,0,1,0,1024,2,3,351.525
0,1,0,1,1,0,1,0,0,0,0,256,2,5,377.008
0,1,0,1,0,1,0,0,1,0,0,256,5,2,386.466
0,1,0,1,1,0,0,0,0,1,0,256,4,3,389.036
0,1,0,1,1,0,1,0,0,0,0,64,0,2,160.125
0,1,1,1,0,0,0,0,0,1,0,64,4,6,338.504
0,1,1,1,0,0,0,0,0,1,0,4096,6,0,265.053
0,1,1,1,0,0,0,0,0,1,0,64,3,4,265.97
0,1,1,1,0,0,0,0,1,0,0,1024,5,6,354.487
0,1,1,1,0,0,0,0,1,0,0,256,3,6,300.022
0,1,0,1,1,0,0,0,0,1,0,4096,4,4,467.378
0,1,0,1,0,0,0,0,1,0,1,256,1,4,215.031
0,1,0,1,1,0,0,0,0,1,0,1024,5,0,310.556
0,1,0,1,0,0,1,0,0,0,1,256,6,0,249.298
0,1,1,1,0,0,1,0,0,0,0,64,4,6,323.814
0,1,0,1,1,0,0,0,1,0,0,64,1,3,240.317
1,1,0,1,0,0,0,0,0,1,0,256,5,6,366.755
1,1,0,1,0,0,0,0,0,1,0,256,6,4,339.86
0,1,0,1,1,0,0,0,0,1,0,256,3,5,430.294
0,1,1,1,0,0,1,0,0,0,0,4096,6,2,338.491
1,1,0,1,0,0,0,0,0,1,0,1024,5,3,310.058
0,1,0,1,0,0,1,1,0,0,0,1024,6,1,2571.07
1,1,0,1,0,0,0,0,1,0,0,256,2,0,126.878
0,1,0,1,0,0,0,0,0,1,1,256,6,4,383.434
0,1,0,1,0,0,1,1,0,0,0,4096,3,3,2286.49
0,1,1,1,0,0,0,0,0,1,0,1024,2,4,263.051
1,1,0,1,0,0,0,0,0,1,0,1024,4,2,259.509
0,1,0,1,0,0,0,0,0,1,1,64,0,1,120.324
0,1,1,1,0,0,0,0,1,0,0,4096,6,5,370.923
0,1,0,1,0,1,0,0,0,1,0,4096,5,3,510.384
0,1,1,1,0,0,0,0,0,1,0,1024,1,4,239.24
0,1,1,1,0,0,0,0,0,1,0,64,1,0,118.913
1,1,0,1,0,0,0,0,0,1,0,1024,2,2,208.056
0,1,0,1,0,0,0,0,1,0,1,256,2,0,133.654
0,1,0,1,1,0,0,0,0,1,0,256,2,5,390.173
0,1,0,1,0,0,0,0,0,1,1,64,4,5,339.52
0,1,1,1,0,0,1,0,0,0,0,256,6,0,233.151
0,1,0,1,0,0,0,1,1,0,0,64,6,0,2103.1
0,1,0,1,0,0,0,1,1,0,0,4096,5,3,2929.63
0,1,0,1,0,1,0,0,1,0,0,64,3,2,298.207
0,1,1,1,0,0,1,0,0,0,0,4096,2,1,198.242
0,1,1,1,0,0,0,0,1,0,0,64,0,3,152.67
0,1,0,1,0,0,1,1,0,0,0,4096,6,2,3006.97
0,1,0,1,0,0,1,0,0,0,1,4096,2,0,170.086
0,1,0,1,0,0,0,0,1,0,1,4096,0,4,217.582
0,1,0,1,0,0,0,0,0,1,1,64,0,3,175.453
0,1,0,1,0,0,0,1,0,1,0,256,6,1,2555.73
0,1,0,1,0,0,0,0,1,0,1,1024,0,1,110.04
1,1,0,1,0,0,0,0,0,1,0,1024,5,5,359.594
0,1,0,1,0,0,1,0,0,0,1,64,5,5,354.062
0,1,0,1,1,0,0,0,1,0,0,256,0,4,243.022
0,1,0,1,0,0,1,1,0,0,0,4096,3,5,2998.15
0,1,0,1,0,1,1,0,0,0,0,1024,3,3,384.169
1,1,0,1,0,0,0,0,1,0,0,64,3,4,241.809
0,1,0,1,0,0,0,0,0,1,1,256,1,2,183.499
1,1,0,1,0,0,1,0,0,0,0,4096,3,1,235.978
1,1,0,1,0,0,0,0,1,0,0,1024,4,2,223.047
0,1,1,1,0,0,1,0,0,0,0,256,4,6,335.495
0,1,0,1,0,0,0,0,1,0,1,4096,0,6,278.179
0,1,1,1,0,0,0,0,0,1,0,4096,0,3,191.885
0,1,0,1,0,1,1,0,0,0,0,256,2,1,223.347
0,1,0,1,1,0,1,0,0,0,0,4096,6,2,475.461
0,1,0,1,0,1,0,0,1,0,0,64,4,1,296.932
0,1,0,1,0,0,0,0,0,1,1,1024,4,4,351.853
0,1,1,1,0,0,0,0,0,1,0,256,1,3,202.377
0,1,0,1,0,0,0,1,1,0,0,64,6,6,4142.1
0,1,1,1,0,0,0,0,0,1,0,4096,4,5,355.633
0,1,1,1,0,0,0,0,0,1,0,1024,4,2,262.522
0,1,0,1,0,0,1,1,0,0,0,256,0,6,2128.34
1,1,0,1,0,0,1,0,0,0,0,256,4,3,256.695
0,1,1,1,0,0,0,0,0,1,0,4096,4,1,245.153
0,1,0,1,0,1,0,0,0,1,0,1024,3,1,294.38
0,1,0,1,1,0,0,0,1,0,0,4096,6,1,381.175
0,1,0,1,0,1,0,0,0,1,0,64,3,3,359.615
1,1,0,1,0,0,1,0,0,0,0,256,4,5,301.949
0,1,0,1,0,0,1,1,0,0,0,1024,1,6,2579.52
0,1,0,1,1,0,0,0,1,0,0,64,0,5,281.044
1,1,0,1,0,0,1,0,0,0,0,1024,0,1,115.557
0,1,0,1,0,0,0,1,0,1,0,256,3,0,1144.55
0,1,1,1,0,0,1,0,0,0,0,64,2,1,152.159
0,1,0,1,0,0,0,0,0,1,1,256,1,3,216.219
0,1,1,1,0,0,0,0,0,1,0,256,5,0,226.427
0,1,0,1,0,1,0,0,0,1,0,4096,3,5,518.801
0,1,0,1,0,0,0,0,1,0,1,4096,2,3,244.236
0,1,0,1,0,1,1,0,0,0,0,64,5,1,346.815
0,1,1,1,0,0,1,0,0,0,0,1024,4,4,309.858
1,1,0,1,0,0,0,0,1,0,0,1024,3,6,293.606
0,1,0,1,0,0,0,1,1,0,0,64,5,2,2447.2
0,1,0,1,0,0,0,1,0,1,0,64,1,0,430.928
1,1,0,1,0,0,0,0,0,1,0,256,3,0,172.603
0,1,0,1,0,0,0,1,0,1,0,64,2,3,1786.92
0,1,0,1,1,0,0,0,0,1,0,1024,6,2,442.365
1,1,0,1,0,0,1,0,0,0,0,64,2,5,245.102
1,1,0,1,0,0,0,0,0,1,0,4096,4,5,352.045
1,1,0,1,0,0,1,0,0,0,0,64,2,3,197.777
0,1,0,1,0,1,1,0,0,0,0,4096,5,3,514.692
1,1,0,1,0,0,0,0,1,0,0,1024,4,5,293.746
1,1,0,1,0,0,0,0,0,1,0,256,3,4,269.533
0,1,0,1,0,0,0,0,0,1,1,256,2,5,300.963
0,1,0,1,0,0,1,1,0,0,0,256,4,0,1435.16
0,1,0,1,1,0,0,0,1,0,0,64,4,3,360.259
0,1,0,1,1,0,0,0,0,1,0,4096,4,3,421.622
0,1,0,1,0,0,1,0,0,0,1,256,3,6,337.619
0,1,0,1,0,0,1,0,0,0,1,1024,2,2,222.845
1,1,0,1,0,0,1,0,0,0,0,1024,4,1,228.632
0,1,0,1,0,1,0,0,1,0,0,256,0,3,212.872
0,1,0,1,1,0,0,0,0,1,0,256,6,2,429.469
0,1,0,1,0,1,1,0,0,0,0,1024,1,4,341.886
0,1,0,1,1,0,0,0,1,0,0,64,3,6,441.841
0,1,0,1,0,1,0,0,0,1,0,1024,6,6,671.525
0,1,0,1,0,1,1,0,0,0,0,1024,2,2,294.091
1,1,0,1,0,0,0,0,0,1,0,256,1,6,269.645
0,1,1,1,0,0,1,0,0,0,0,1024,5,6,384.292
0,1,0,1,0,0,1,1,0,0,0,4096,1,4,1939.49
1,1,0,1,0,0,0,0,0,1,0,4096,1,2,193.926
0,1,0,1,1,0,0,0,1,0,0,256,0,1,119.25
0,1,0,1,0,0,0,0,1,0,1,64,6,2,293.713
0,1,0,1,1,0,0,0,0,1,0,256,5,1,345.54
0,1,1,1,0,0,0,0,1,0,0,64,4,5,297.553
0,1,0,1,0,1,1,0,0,0,0,64,0,4,260.621
0,1,1,1,0,0,0,0,1,0,0,4096,6,0,241.392
0,1,0,1,0,1,0,0,0,1,0,4096,3,0,253.075
0,1,0,1,0,0,0,1,0,1,0,64,5,5,3478.38
0,1,0,1,0,0,1,1,0,0,0,256,4,5,3134.54
0,1,0,1,0,0,0,1,1,0,0,64,5,4,3124.49
0,1,0,1,0,0,0,1,0,1,0,256,2,3,1862.61
0,1,0,1,0,1,1,0,0,0,0,4096,2,1,276.132
0,1,0,1,0,0,1,1,0,0,0,256,0,5,1790.23
0,1,0,1,0,0,1,1,0,0,0,64,5,3,2886.91
0,1,1,1,0,0,0,0,0,1,0,4096,6,4,382.979
1,1,0,1,0,0,1,0,0,0,0,1024,5,5,348.656
0,1,0,1,0,1,1,0,0,0,0,64,6,1,390.005
0,1,0,1,0,0,0,1,0,1,0,256,2,5,2574.14
0,1,0,1,0,0,0,1,1,0,0,4096,3,4,2581.91
0,1,0,1,0,0,1,1,0,0,0,256,3,5,2801.25
0,1,0,1,0,0,0,1,0,1,0,1024,1,0,449.513
0,1,0,1,0,0,0,0,1,0,1,1024,4,3,271.186
0,1,1,1,0,0,0,0,0,1,0,1024,4,1,238.221
0,1,0,1,1,0,1,0,0,0,0,1024,3,2,314.478
0,1,0,1,0,0,0,1,0,1,0,1024,3,5,2869.16
0,1,0,1,1,0,1,0,0,0,0,64,6,2,404.142
0,1,0,1,0,0,0,0,0,1,1,64,3,6,342.221
0,1,0,1,1,0,1,0,0,0,0,4096,2,5,435.574
0,1,1,1,0,0,0,0,1,0,0,4096,2,1,170.696
0,1,0,1,0,0,0,1,1,0,0,64,4,1,1767.85
1,1,0,1,0,0,0,0,0,1,0,1024,6,1,282.621
0,1,1,1,0,0,1,0,0,0,0,64,2,4,226.854
0,1,0,1,1,0,0,0,1,0,0,4096,6,4,505.488
0,1,0,1,0,1,0,0,1,0,0,64,3,0,209.832
0,1,0,1,1,0,1,0,0,0,0,64,5,1,323.663
0,1,0,1,1,0,1,0,0,0,0,4096,3,4,434.732
0,1,0,1,1,0,0,0,0,1,0,1024,1,5,363.156
0,1,0,1,0,0,1,0,0,0,1,64,0,5,220.131
1,1,0,1,0,0,1,0,0,0,0,64,6,0,220.704
1,1,0,1,0,0,1,0,0,0,0,256,4,2,231.273
1,1,0,1,0,0,0,0,1,0,0,4096,2,4,241.745
0,1,0,1,1,0,0,0,0,1,0,4096,5,4,506.462
0,1,0,1,1,0,0,0,1,0,0,64,3,2,280.996
0,1,0,1,0,1,1,0,0,0,0,64,4,6,524.842
0,1,0,1,0,0,0,0,0,1,1,64,2,2,202.181
0,1,0,1,0,0,1,0,0,0,1,1024,5,5,388.642
0,1,0,1,0,0,1,0,0,0,1,256,6,1,281.464
0,1,0,1,0,1,0,0,0,1,0,4096,2,3,375.828
0,1,0,1,0,1,0,0,1,0,0,256,1,5,345.277
1,1,0,1,0,0,1,0,0,0,0,1024,6,2,301.767
0,1,0,1,0,0,0,1,0,1,0,256,0,5,1882.61
0,1,0,1,0,0,0,1,1,0,0,1024,0,2,770.613
0,1,1,1,0,0,1,0,0,0,0,4096,3,5,340.351
0,1,0,1,0,1,0,0,1,0,0,64,2,0,166.997
0,1,0,1,0,0,0,1,1,0,0,4096,3,6,3277.9
0,1,0,1,0,0,0,1,1,0,0,4096,0,5,1885.51
1,1,0,1,0,0,0,0,0,1,0,256,0,5,219.99
0,1,0,1,1,0,0,0,1,0,0,256,0,2,161.565
0,1,0,1,0,0,0,0,1,0,1,4096,6,4,383.972
0,1,1,1,0,0,1,0,0,0,0,1024,2,6,311.247
0,1,0,1,1,0,0,0,0,1,0,64,5,4,457.832
0,1,0,1,0,1,0,0,0,1,0,256,6,5,601.839
0,1,0,1,0,0,0,1,0,1,0,256,4,0,1495.23
0,1,1,1,0,0,0,0,0,1,0,1024,3,6,344.941
0,1,0,1,1,0,1,0,0,0,0,256,4,3,376.713
0,1,0,1,0,0,0,1,0,1,0,4096,4,1,1902.79
0,1,0,1,0,0,1,1,0,0,0,256,3,2,1785.73
1,1,0,1,0,0,1,0,0,0,0,256,6,1,254.288
0,1,0,1,0,1,0,0,0,1,0,4096,5,2,465.698
0,1,0,1,0,0,1,0,0,0,1,4096,6,6,488.199
0,1,0,1,1,0,0,0,0,1,0,64,6,0,333.623
0,1,0,1,1,0,0,0,1,0,0,256,1,5,323.119
0,1,0,1,0,1,0,0,1,0,0,64,6,5,558.889
0,1,0,1,0,1,0,0,1,0,0,256,0,6,345.424
1,1,0,1,0,0,1,0,0,0,0,4096,2,0,168.167
0,1,0,1,1,0,0,0,0,1,0,64,4,6,498.192
0,1,0,1,0,0,0,1,0,1,0,64,2,2,1449.29
0,1,0,1,0,0,0,0,1,0,1,4096,3,2,241.374
1,1,0,1,0,0,1,0,0,0,0,1024,1,4,231.721
0,1,0,1,0,1,0,0,0,1,0,1024,1,5,399.345
0,1,0,1,1,0,1,0,0,0,0,64,4,0,241.854
1,1,0,1,0,0,0,0,1,0,0,64,1,4,195.406
1,1,0,1,0,0,0,0,1,0,0,256,0,3,150.803
0,1,0,1,0,1,0,0,1,0,0,64,0,1,122.984
0,1,0,1,0,1,1,0,0,0,0,1024,0,5,337.172
0,1,0,1,1,0,0,0,0,1,0,256,1,3,264.735
0,1,0,1,0,0,0,1,1,0,0,1024,1,2,1104.36
0,1,0,1,0,0,0,1,0,1,0,256,5,3,2912.27
0,1,1,1,0,0,0,0,1,0,0,256,2,1,154.351
0,1,0,1,0,0,1,0,0,0,1,256,0,6,257.672
1,1,0,1,0,0,0,0,1,0,0,4096,2,3,217.47
0,1,0,1,0,0,0,1,0,1,0,1024,1,5,2190.03
0,1,1,1,0,0,1,0,0,0,0,64,6,5,347.961
0,1,0,1,0,0,1,0,0,0,1,256,0,3,176.35
0,1,0,1,1,0,0,0,0,1,0,64,1,0,133.761
0,1,0,1,0,1,0,0,0,1,0,4096,0,6,423.373
0,1,0,1,0,1,0,0,1,0,0,1024,0,6,349.283
0,1,1,1,0,0,0,0,0,1,0,1024,4,5,344.136
0,1,0,1,0,0,1,1,0,0,0,64,3,2,1838.74
0,1,0,1,1,0,1,0,0,0,0,64,2,0,160.207
0,1,0,1,0,0,0,1,1,0,0,256,3,3,2177.53
0,1,0,1,0,0,0,1,1,0,0,256,4,6,3570.45
1,1,0,1,0,0,1,0,0,0,0,64,1,4,197.555
0,1,0,1,0,0,0,0,0,1,1,256,5,4,357.58
0,1,0,1,0,0,1,1,0,0,0,1024,2,1,1162.17
0,1,0,1,0,0,1,1,0,0,0,256,1,6,2465.74
1,1,0,1,0,0,1,0,0,0,0,256,6,2,280.078
0,1,0,1,0,0,0,0,0,1,1,1024,0,4,237.676
0,1,0,1,0,1,1,0,0,0,0,256,5,0,308.466
0,1,1,1,0,0,0,0,1,0,0,256,3,4,251.339
1,1,0,1,0,0,1,0,0,0,0,64,0,4,175.41
0,1,0,1,1,0,1,0,0,0,0,4096,5,6,597.641
1,1,0,1,0,0,0,0,1,0,0,64,2,6,264.899
0,1,0,1,0,0,0,0,0,1,1,1024,6,4,405.281
0,1,0,1,0,0,0,1,1,0,0,64,1,4,1778.57
0,1,0,1,0,0,1,0,0,0,1,4096,4,6,432.666
0,1,1,1,0,0,0,0,1,0,0,1024,0,6,231.713
0,1,1,1,0,0,0,0,0,1,0,64,5,2,265.241
0,1,0,1,1,0,0,0,1,0,0,4096,0,3,218.601
0,1,1,1,0,0,0,0,0,1,0,64,6,2,289.437
0,1,0,1,1,0,0,0,1,0,0,1024,0,3,204.932
0,1,0,1,1,0,0,0,1,0,0,4096,6,5,549.431
0,1,0,1,0,1,0,0,0,1,0,64,3,0,224.217
1,1,0,1,0,0,1,0,0,0,0,64,2,1,150.043
0,1,0,1,0,1,0,0,0,1,0,4096,2,2,326.422
0,1,0,1,0,0,0,1,0,1,0,256,1,0,451.497
0,1,1,1,0,0,0,0,0,1,0,64,2,2,192.448
0,1,1,1,0,0,0,0,1,0,0,256,1,0,106.035
0,1,0,1,0,0,0,0,0,1,1,64,1,5,258.668
0,1,1,1,0,0,0,0,0,1,0,256,6,4,347.619
0,1,0,1,0,0,1,0,0,0,1,64,6,2,297.772
0,1,0,1,1,0,0,0,0,1,0,256,5,5,512.582
0,1,1,1,0,0,0,0,1,0,0,256,0,3,154.889
0,1,1,1,0,0,1,0,0,0,0,1024,6,5,383.547
0,1,0,1,1,0,1,0,0,0,0,64,3,6,446.717
1,1,0,1,0,0,0,0,0,1,0,4096,0,1,131.33
0,1,0,1,1,0,1,0,0,0,0,1024,3,6,477.746
1,1,0,1,0,0,0,0,1,0,0,1024,4,6,316.586
0,1,0,1,1,0,1,0,0,0,0,1024,3,1,271.395
0,1,1,1,0,0,0,0,0,1,0,4096,6,1,292.981
0,1,0,1,0,0,1,1,0,0,0,64,1,1,784.054
0,1,0,1,0,1,0,0,1,0,0,256,6,5,562.767
0,1,0,1,0,0,0,1,1,0,0,1024,1,4,1789.98
0,1,1,1,0,0,0,0,1,0,0,64,2,1,152.18
0,1,1,1,0,0,0,0,1,0,0,256,4,5,299.601
0,1,0,1,0,1,1,0,0,0,0,64,4,5,480.646
0,1,0,1,0,1,1,0,0,0,0,256,3,2,317.146
0,1,1,1,0,0,1,0,0,0,0,64,3,5,275.93
0,1,0,1,0,1,0,0,1,0,0,1024,2,3,303.043
0,1,0,1,0,0,1,0,0,0,1,1024,4,0,207.598
0,1,0,1,0,1,1,0,0,0,0,256,6,0,353.094
0,1,1,1,0,0,1,0,0,0,0,1024,0,6,258.453
1,1,0,1,0,0,1,0,0,0,0,256,1,0,105.588
0,1,0,1,1,0,1,0,0,0,0,4096,3,5,476.303
0,1,0,1,0,0,0,1,1,0,0,64,6,1,2441.03
0,1,0,1,0,0,1,0,0,0,1,1024,1,6,313.909
0,1,0,1,0,0,0,1,1,0,0,4096,5,0,1853.61
0,1,0,1,1,0,0,0,0,1,0,4096,1,5,382.754
0,1,0,1,1,0,0,0,0,1,0,64,2,1,213.048
0,1,1,1,0,0,0,0,1,0,0,64,1,2,151.74
0,1,0,1,0,0,0,0,1,0,1,256,6,4,347.588
0,1,0,1,0,1,0,0,1,0,0,256,3,6,475.377
0,1,0,1,0,0,0,0,1,0,1,64,3,0,159.269
0,1,1,1,0,0,0,0,0,1,0,4096,6,2,325.172
0,1,0,1,0,0,0,0,1,0,1,1024,3,0,162.633
1,1,0,1,0,0,0,0,1,0,0,256,3,5,266.559
0,1,0,1,1,0,1,0,0,0,0,256,3,6,457.254
0,1,0,1,0,1,0,0,0,1,0,4096,1,3,326.736
0,1,1,1,0,0,1,0,0,0,0,256,4,0,183.195
0,1,0,1,0,0,1,0,0,0,1,64,5,0,216.25
0,1,0,1,0,0,0,0,0,1,1,256,0,1,129.291
0,1,0,1,0,0,0,1,1,0,0,4096,5,1,2224.72
0,1,0,1,0,0,1,1,0,0,0,256,6,6,4151.03
0,1,0,1,0,1,1,0,0,0,0,64,1,3,259.205
0,1,0,1,0,0,0,1,1,0,0,256,4,1,1813.56
0,1,0,1,0,0,1,1,0,0,0,4096,3,6,3343.28
0,1,0,1,0,1,0,0,0,1,0,1024,1,3,303.982
0,1,0,1,0,0,1,0,0,0,1,64,4,5,327.388
0,1,0,1,0,0,0,1,1,0,0,4096,0,4,1529
0,1,0,1,0,0,1,0,0,0,1,256,3,1,199.537
0,1,0,1,0,1,1,0,0,0,0,4096,3,6,561.329
0,1,0,1,0,1,0,0,0,1,0,1024,0,5,351.984
0,1,1,1,0,0,1,0,0,0,0,1024,1,1,143.496
0,1,1,1,0,0,0,0,1,0,0,4096,1,3,196.668
0,1,1,1,0,0,1,0,0,0,0,4096,0,6,298.49
0,1,1,1,0,0,0,0,0,1,0,64,2,6,290.333
1,1,0,1,0,0,0,0,0,1,0,1024,3,1,208.027
0,1,0,1,0,0,0,1,1,0,0,1024,6,6,4175.8
0,1,0,1,0,0,0,1,0,1,0,64,0,2,776.522
1,1,0,1,0,0,0,0,1,0,0,64,2,4,218.676
0,1,0,1,1,0,0,0,0,1,0,64,3,1,252.813
0,1,0,1,0,0,0,0,0,1,1,256,1,6,303.827
0,1,1,1,0,0,1,0,0,0,0,4096,4,5,365.209
0,1,0,1,1,0,0,0,0,1,0,4096,4,6,553.105
0,1,0,1,0,0,0,1,0,1,0,4096,4,4,2984.98
0,1,0,1,0,0,0,0,1,0,1,1024,6,0,242.109
1,1,0,1,0,0,0,0,0,1,0,1024,3,0,181.736
0,1,0,1,1,0,0,0,1,0,0,64,4,5,441.648
0,1,0,1,0,0,0,0,0,1,1,256,3,2,239.889
0,1,0,1,0,0,1,1,0,0,0,4096,2,0,825.364
0,1,1,1,0,0,0,0,0,1,0,1024,2,0,161.54
0,1,0,1,0,0,0,1,1,0,0,4096,2,1,1163.59
0,1,1,1,0,0,0,0,1,0,0,1024,0,4,182.303
0,1,0,1,1,0,0,0,0,1,0,64,1,6,377.137
0,1,0,1,0,0,0,1,1,0,0,1024,1,0,419.864
0,1,0,1,0,1,0,0,0,1,0,256,3,5,467.2
0,1,0,1,0,0,1,0,0,0,1,4096,6,4,429.437
0,1,0,1,0,0,0,1,0,1,0,64,2,1,1104.4
0,1,0,1,0,0,0,0,0,1,1,4096,2,1,210.516
0,1,0,1,0,0,0,1,1,0,0,64,5,6,3802.53
0,1,0,1,0,0,1,1,0,0,0,64,2,5,2537.45
1,1,0,1,0,0,0,0,1,0,0,4096,4,2,239.282
0,1,0,1,0,0,0,0,0,1,1,1024,0,2,170.342
0,1,0,1,0,0,1,1,0,0,0,64,6,1,2538.94
0,1,0,1,0,0,0,1,0,1,0,64,2,6,2806.68
0,1,0,1,0,0,1,0,0,0,1,4096,0,6,330.011
0,1,1,1,0,0,1,0,0,0,0,64,1,6,252.89
0,1,0,1,0,0,1,1,0,0,0,64,0,1,436.704
0,1,0,1,1,0,1,0,0,0,0,4096,5,4,514.337
1,1,0,1,0,0,0,0,0,1,0,256,1,4,219.569
0,1,0,1,1,0,1,0,0,0,0,256,2,3,293.637
0,1,0,1,0,1,0,0,0,1,0,64,2,2,270.1
0,1,0,1,1,0,0,0,0,1,0,4096,6,3,506.919
0,1,1,1,0,0,1,0,0,0,0,64,5,4,299.206
0,1,0,1,1,0,1,0,0,0,0,256,4,0,250.288
0,1,0,1,0,1,0,0,1,0,0,1024,1,3,260.015
0,1,0,1,1,0,0,0,0,1,0,4096,0,1,152.819
0,1,0,1,0,1,1,0,0,0,0,4096,1,6,468.255
1,1,0,1,0,0,0,0,0,1,0,1024,3,4,286.912
1,1,0,1,0,0,1,0,0,0,0,256,2,5,257.56
0,1,0,1,0,1,0,0,1,0,0,4096,3,1,279.761
0,1,1,1,0,0,1,0,0,0,0,256,0,2,132.811
1,1,0,1,0,0,0,0,1,0,0,64,1,6,242.199
0,1,0,1,0,1,0,0,0,1,0,64,0,3,225.429
0,1,1,1,0,0,1,0,0,0,0,64,1,3,177.939
0,1,0,1,0,0,0,0,0,1,1,256,3,5,330.251
0,1,1,1,0,0,1,0,0,0,0,4096,6,6,445.829
0,1,0,1,0,1,0,0,1,0,0,4096,1,1,185.573
0,1,0,1,0,0,1,0,0,0,1,4096,6,3,402.701
0,1,0,1,1,0,0,0,0,1,0,4096,2,2,289.1
0,1,1,1,0,0,0,0,0,1,0,4096,4,6,383.826
0,1,1,1,0,0,1,0,0,0,0,1024,3,1,199.955
0,1,0,1,0,0,0,0,1,0,1,64,2,6,295.549
0,1,0,1,0,0,0,0,1,0,1,256,5,5,349.052
0,1,0,1,1,0,0,0,1,0,0,64,4,1,279.601
0,1,1,1,0,0,1,0,0,0,0,4096,0,4,239.39
1,1,0,1,0,0,0,0,0,1,0,64,4,5,303.602
1,1,0,1,0,0,0,0,0,1,0,256,5,5,339.846
0,1,1,1,0,0,0,0,1,0,0,256,3,5,276.125
0,1,0,1,0,1,0,0,0,1,0,256,6,2,462.928
0,1,1,1,0,0,1,0,0,0,0,256,5,3,286.31
0,1,0,1,0,0,1,0,0,0,1,1024,0,2,165.527
0,1,0,1,0,0,1,0,0,0,1,256,0,5,232.651
0,1,0,1,0,1,1,0,0,0,0,1024,1,6,428.098
0,1,0,1,0,0,0,1,1,0,0,1024,6,5,3832.09
0,1,0,1,1,0,1,0,0,0,0,64,3,1,241.937
0,1,0,1,0,1,0,0,1,0,0,256,5,6,566.316
0,1,0,1,0,1,0,0,1,0,0,64,5,5,516.609
0,1,1,1,0,0,0,0,1,0,0,256,2,6,275.834
0,1,0,1,0,1,0,0,0,1,0,64,5,2,399.515
0,1,0,1,0,1,0,0,0,1,0,4096,6,6,699.981
0,1,0,1,0,0,0,0,1,0,1,4096,1,4,246.506
0,1,0,1,0,0,0,1,0,1,0,256,5,0,1838.6
0,1,0,1,0,0,0,0,1,0,1,64,5,6,376.038
0,1,0,1,0,0,0,0,1,0,1,4096,2,6,333.349
1,1,0,1,0,0,0,0,1,0,0,256,5,5,311.986
0,1,0,1,1,0,1,0,0,0,0,4096,0,3,267.228
1,1,0,1,0,0,0,0,0,1,0,4096,0,4,226.495
0,1,0,1,1,0,0,0,0,1,0,64,3,6,458.325
0,1,0,1,0,0,0,0,0,1,1,1024,5,4,379.411
0,1,0,1,0,0,0,0,0,1,1,256,0,2,156.75
0,1,0,1,0,0,1,0,0,0,1,256,5,4,336.225
0,1,1,1,0,0,0,0,0,1,0,1024,2,5,291.62
0,1,0,1,0,0,1,0,0,0,1,1024,1,5,286.208
0,1,0,1,0,1,0,0,1,0,0,1024,3,5,436.313
0,1,1,1,0,0,0,0,0,1,0,4096,1,2,191.632
1,1,0,1,0,0,0,0,0,1,0,64,5,1,231.515
0,1,0,1,0,1,0,0,1,0,0,1024,0,1,126.776
0,1,0,1,0,0,0,1,1,0,0,4096,3,0,1151.45
0,1,0,1,1,0,0,0,1,0,0,1024,5,1,323.649
0,1,0,1,0,0,0,1,1,0,0,4096,2,6,2942.45
0,1,0,1,0,1,0,0,1,0,0,256,6,3,473.687
0,1,0,1,1,0,0,0,0,1,0,64,4,0,253.903
1,1,0,1,0,0,0,0,1,0,0,64,5,0,194.83
0,1,0,1,0,0,0,1,0,1,0,4096,2,2,1557.41
1,1,0,1,0,0,0,0,1,0,0,1024,1,5,224.508
1,1,0,1,0,0,0,0,0,1,0,256,0,1,116.207
0,1,0,1,0,0,0,1,0,1,0,1024,4,4,2865.65
1,1,0,1,0,0,0,0,1,0,0,256,1,5,220.31
1,1,0,1,0,0,1,0,0,0,0,4096,3,3,292.132
0,1,0,1,0,1,0,0,1,0,0,64,1,5,343.236
0,1,0,1,0,1,1,0,0,0,0,4096,5,2,468.256
0,1,0,1,0,1,1,0,0,0,0,64,2,6,437.056
0,1,0,1,0,0,0,1,0,1,0,1024,4,3,2529.49
0,1,0,1,0,0,0,0,1,0,1,256,2,2,187.899
1,1,0,1,0,0,0,0,1,0,0,256,1,1,126.606
1,1,0,1,0,0,1,0,0,0,0,4096,5,6,409.726
0,1,1,1,0,0,0,0,0,1,0,1024,5,6,395.136
1,1,0,1,0,0,0,0,1,0,0,256,2,6,266.618
0,1,0,1,0,0,1,1,0,0,0,256,0,3,1113.68
0,1,0,1,1,0,0,0,1,0,0,64,2,3,280.627
0,1,0,1,0,1,0,0,1,0,0,256,0,5,300.5
0,1,1,1,0,0,0,0,0,1,0,256,5,6,375.522
0,1,0,1,1,0,0,0,1,0,0,64,3,5,400.951
0,1,0,1,0,0,1,1,0,0,0,64,0,3,1145.8
1,1,0,1,0,0,0,0,0,1,0,64,3,6,303.483
0,1,0,1,0,1,0,0,1,0,0,1024,2,1,213.483
0,1,0,1,0,0,0,0,1,0,1,256,2,6,295.904
0,1,0,1,1,0,0,0,1,0,0,256,6,6,564.088
0,1,0,1,0,1,0,0,0,1,0,1024,1,4,355.675
0,1,0,1,0,0,0,0,1,0,1,64,1,5,241.562
0,1,0,1,0,1,1,0,0,0,0,64,0,2,169.893
1,1,0,1,0,0,0,0,1,0,0,1024,2,0,129.219
0,1,0,1,1,0,0,0,1,0,0,64,2,5,362.889
0,1,0,1,0,0,0,1,1,0,0,1024,6,4,3494.52
0,1,0,1,0,1,0,0,1,0,0,256,6,4,518.761
0,1,1,1,0,0,0,0,1,0,0,256,3,2,201.939
0,1,0,1,0,1,1,0,0,0,0,4096,2,3,383.523
0,1,1,1,0,0,0,0,0,1,0,256,5,2,274.969
0,1,0,1,0,0,1,0,0,0,1,1024,0,1,127.142
0,1,0,1,0,0,0,1,0,1,0,256,6,5,3972.31
0,1,0,1,0,1,1,0,0,0,0,64,5,4,481.616
0,1,0,1,0,1,0,0,0,1,0,4096,3,3,425.032
0,1,0,1,0,0,0,1,0,1,0,1024,4,5,3202.82
0,1,0,1,0,0,1,1,0,0,0,4096,5,1,2292.28
0,1,0,1,0,0,1,1,0,0,0,64,6,4,3590.39
0,1,0,1,0,1,1,0,0,0,0,1024,1,1,194.35
1,1,0,1,0,0,1,0,0,0,0,64,5,3,267.954
0,1,0,1,1,0,0,0,1,0,0,4096,4,5,465.802
0,1,0,1,0,0,0,1,1,0,0,64,0,1,421.819
1,1,0,1,0,0,0,0,1,0,0,4096,3,6,312.476
1,1,0,1,0,0,0,0,0,1,0,256,4,1,219.481
1,1,0,1,0,0,0,0,1,0,0,4096,6,1,260.525
0,1,0,1,1,0,0,0,1,0,0,256,5,1,320.406
0,1,0,1,0,1,0,0,1,0,0,4096,3,6,514.055
0,1,1,1,0,0,0,0,1,0,0,256,6,0,224.931
0,1,0,1,0,0,0,1,0,1,0,64,1,4,1796.46
0,1,0,1,0,1,0,0,1,0,0,4096,4,1,325.381
0,1,0,1,0,0,0,0,0,1,1,64,3,3,256.089
0,1,0,1,0,0,0,0,0,1,1,4096,3,6,405.38
0,1,0,1,1,0,1,0,0,0,0,4096,6,1,422.142
0,1,0,1,0,0,1,1,0,0,0,4096,1,0,472.49
0,1,0,1,1,0,1,0,0,0,0,256,4,1,294.122
0,1,1,1,0,0,0,0,1,0,0,64,6,2,270.991
0,1,0,1,1,0,0,0,1,0,0,1024,2,6,406.876
0,1,1,1,0,0,1,0,0,0,0,64,6,0,223.693
0,1,0,1,0,0,1,0,0,0,1,4096,2,1,228.045
0,1,0,1,1,0,0,0,1,0,0,1024,0,2,164.176
0,1,0,1,0,1,0,0,1,0,0,256,6,1,385.01
0,1,0,1,0,0,0,1,1,0,0,64,0,4,1442.06
0,1,0,1,1,0,0,0,0,1,0,256,3,6,472.812
0,1,0,1,0,0,1,0,0,0,1,1024,1,1,162.461
0,1,1,1,0,0,0,0,0,1,0,256,0,5,226.897
0,1,0,1,0,0,0,1,0,1,0,256,2,6,2921.29
0,1,0,1,0,0,1,1,0,0,0,1024,6,2,2918.98
0,1,1,1,0,0,0,0,0,1,0,1024,1,5,264.215
0,1,0,1,1,0,0,0,1,0,0,256,0,3,202.449
0,1,0,1,0,1,1,0,0,0,0,256,4,0,262.706
0,1,0,1,0,1,0,0,0,1,0,1024,3,2,351.043
0,1,0,1,0,0,0,0,1,0,1,256,2,4,241.568
0,1,0,1,0,1,0,0,1,0,0,1024,5,4,476.727
0,1,0,1,0,0,0,0,1,0,1,4096,3,5,330.465
0,1,0,1,0,1,1,0,0,0,0,64,5,6,568.539
0,1,1,1,0,0,0,0,0,1,0,256,4,2,250.757
0,1,0,1,0,1,1,0,0,0,0,4096,5,1,418.728
0,1,1,1,0,0,0,0,1,0,0,256,6,1,250.534
0,1,0,1,0,0,0,1,0,1,0,64,6,1,2457.13
0,1,0,1,0,0,0,1,0,1,0,256,3,2,1854.94
0,1,0,1,0,0,0,1,1,0,0,1024,5,0,1778.54
0,1,0,1,0,0,0,0,0,1,1,4096,1,2,219.357
1,1,0,1,0,0,0,0,0,1,0,1024,5,0,228.019
0,1,0,1,0,1,0,0,0,1,0,1024,2,0,200.063
0,1,0,1,0,1,0,0,0,1,0,1024,0,2,202.596
1,1,0,1,0,0,1,0,0,0,0,256,2,1,157.897
1,1,0,1,0,0,1,0,0,0,0,1024,2,4,252.565
1,1,0,1,0,0,0,0,1,0,0,64,2,1,148.515
0,1,1,1,0,0,1,0,0,0,0,256,2,4,236.809
0,1,0,1,0,1,1,0,0,0,0,4096,3,4,467.756
0,1,0,1,0,0,0,1,1,0,0,256,6,2,2866.13
1,1,0,1,0,0,1,0,0,0,0,64,1,5,221.63
1,1,0,1,0,0,0,0,0,1,0,64,1,6,256.728
0,1,0,1,0,0,0,1,1,0,0,256,1,5,2190.97
1,1,0,1,0,0,0,0,0,1,0,4096,6,4,374.027
0,1,0,1,0,0,0,0,1,0,1,1024,0,6,246.937
0,1,1,1,0,0,0,0,0,1,0,256,2,1,178.063
0,1,1,1,0,0,0,0,1,0,0,64,0,1,100.315
0,1,1,1,0,0,0,0,1,0,0,1024,1,0,108.019
0,1,0,1,0,1,0,0,1,0,0,256,4,0,254.457
0,1,1,1,0,0,0,0,1,0,0,4096,3,2,220.696
0,1,1,1,0,0,1,0,0,0,0,256,3,5,286.986
0,1,0,1,0,0,1,0,0,0,1,64,6,3,326.334
1,1,0,1,0,0,0,0,1,0,0,4096,1,1,143.267
0,1,0,1,0,0,0,1,0,1,0,4096,1,0,472.012
0,1,0,1,0,1,0,0,1,0,0,4096,4,5,511.207
