no_8x8dct,no_cabac,no_deblock,no_fast_pskip,no_mbtree,no_mixed_refs,no_weightb,rc_lookahead_20,rc_lookahead_40,rc_lookahead_60,ref_1,ref_5,ref_9,PERF
0,0,0,0,1,1,0,0,1,0,0,0,1,580.877
0,0,1,0,0,0,0,0,1,0,0,1,0,446.633
1,0,1,1,0,1,1,1,0,0,0,0,1,613.397
0,1,0,1,1,1,0,0,1,0,1,0,0,299.75
0,0,1,1,0,1,0,1,0,0,1,0,0,275.69
0,1,0,0,1,1,1,0,1,0,0,1,0,428.073
1,0,1,0,1,0,1,1,0,0,1,0,0,286.397
1,0,0,0,0,0,0,1,0,0,0,1,0,423.077
0,1,0,1,1,1,1,1,0,0,1,0,0,299.843
1,1,0,1,0,1,0,1,0,0,0,0,1,609.33
0,1,1,1,0,0,1,0,1,0,0,1,0,508.623
1,0,1,0,0,0,1,0,0,1,0,0,1,590.837
1,1,1,0,0,1,1,0,0,1,0,0,1,492.427
0,0,0,1,0,1,0,1,0,0,0,1,0,447.423
1,1,0,1,0,0,0,0,0,1,0,0,1,706.247
0,0,0,0,1,1,0,1,0,0,0,1,0,433.223
0,0,1,0,1,0,1,1,0,0,0,0,1,726.51
1,1,0,1,1,1,1,1,0,0,0,0,1,645.377
0,1,0,1,1,1,0,1,0,0,0,0,1,666.553
0,1,1,1,1,0,0,0,1,0,0,1,0,564.2
1,1,1,1,0,1,1,0,0,1,0,0,1,609.697
1,1,0,1,1,0,0,0,0,1,1,0,0,279.84
1,0,1,0,0,1,0,1,0,0,1,0,0,254.11
1,0,0,0,0,1,0,0,1,0,0,1,0,369.81
1,0,1,0,0,1,1,0,1,0,1,0,0,256.32
0,0,0,1,0,1,1,0,0,1,0,1,0,450.13
0,0,1,1,1,1,0,0,1,0,1,0,0,310.25
0,0,0,0,1,1,0,0,1,0,0,1,0,433.223
1,0,0,1,0,0,0,0,0,1,0,0,1,713.577
1,1,0,0,1,0,1,0,1,0,0,0,1,680.477
1,1,0,1,0,0,1,0,1,0,0,1,0,486.57
1,0,1,0,0,0,0,1,0,0,0,1,0,425.063
0,1,0,0,0,1,1,1,0,0,0,0,1,506.88
0,0,1,0,0,0,1,0,0,1,0,1,0,447.647
1,1,0,1,0,1,0,0,1,0,0,1,0,428.413
1,1,0,0,0,1,1,1,0,0,1,0,0,244.333
0,0,1,1,1,1,1,0,1,0,0,1,0,482.04
1,0,1,0,1,0,0,1,0,0,0,0,1,690.59
1,1,0,1,0,0,1,1,0,0,1,0,0,249.64
0,1,1,0,0,1,0,1,0,0,0,0,1,506.36
1,0,1,1,1,0,1,0,1,0,0,0,1,783.777
0,1,1,1,0,0,0,1,0,0,1,0,0,266.19
0,0,0,0,0,0,1,0,1,0,1,0,0,270.707
1,0,1,1,1,1,1,1,0,0,0,0,1,651.203
0,0,0,0,1,1,0,0,0,1,0,1,0,433.223
0,1,0,1,0,1,0,1,0,0,1,0,0,266.67
0,0,1,0,1,0,1,0,1,0,0,1,0,521.607
1,1,0,1,0,1,0,0,1,0,1,0,0,251.823
1,1,1,1,1,1,1,1,0,0,0,1,0,455.493
0,1,0,0,1,0,0,0,0,1,0,0,1,712.87
1,1,1,1,0,0,0,0,1,0,0,1,0,487.373
0,0,0,0,1,0,0,0,0,1,0,1,0,519.413
1,0,0,1,0,1,0,0,1,0,1,0,0,263.207
1,1,0,1,1,0,0,0,0,1,0,0,1,773.437
0,0,0,1,1,0,1,1,0,0,0,1,0,571.35
0,1,0,1,0,1,0,0,0,1,0,0,1,629.337
1,1,0,0,1,0,0,0,0,1,0,0,1,680.563
1,0,0,0,1,1,0,0,1,0,1,0,0,287.21
0,1,1,1,0,1,0,1,0,0,0,1,0,442.81
1,0,0,1,0,1,1,0,0,1,1,0,0,264.33
1,1,1,1,0,0,0,0,0,1,1,0,0,252.827
0,0,0,1,1,0,1,0,0,1,1,0,0,310.687
1,0,1,0,0,0,0,0,0,1,0,0,1,590.55
0,1,1,1,1,0,1,0,0,1,0,0,1,809.53
1,0,0,0,0,1,0,1,0,0,0,1,0,367.963
0,1,1,1,1,1,0,0,0,1,0,0,1,665.2
0,0,0,0,1,1,1,0,0,1,0,0,1,580.607
1,0,1,1,0,0,1,0,1,0,0,1,0,494.267
0,0,1,1,1,1,0,0,1,0,0,0,1,671.697
1,1,0,1,0,1,1,0,1,0,1,0,0,251.86
0,0,1,0,1,1,1,0,0,1,1,0,0,305.103
0,0,0,0,0,0,0,0,1,0,1,0,0,270.657
0,0,1,0,1,1,1,0,0,1,0,0,1,580.41
0,1,1,0,1,0,0,0,0,1,0,0,1,715.827
1,1,0,1,1,1,0,0,1,0,0,1,0,456.707
1,1,0,1,1,1,1,0,1,0,0,0,1,645.303
1,1,1,0,1,0,1,0,1,0,1,0,0,275.453
0,0,1,0,1,0,1,0,0,1,0,0,1,726.6
1,1,0,0,0,0,0,0,0,1,0,0,1,581.813
0,1,1,0,1,0,1,1,0,0,0,0,1,715.923
0,1,1,0,1,1,0,1,0,0,0,0,1,575.863
0,1,1,1,0,1,1,0,0,1,0,1,0,445.213
0,0,1,1,1,0,0,0,1,0,1,0,0,310.287
1,0,0,0,0,0,0,0,1,0,0,1,0,425.15
1,1,1,1,1,0,0,0,1,0,0,1,0,537.143
1,0,1,1,0,0,1,0,1,0,1,0,0,262.61
1,0,1,0,0,0,1,0,0,1,1,0,0,257.45
0,1,1,1,0,1,0,0,1,0,0,1,0,444.607
0,0,1,0,0,0,0,0,0,1,1,0,0,271.337
1,0,0,1,1,0,1,0,0,1,1,0,0,291.53
1,1,0,0,1,0,0,0,1,0,0,1,0,485.477
0,1,1,1,0,0,0,0,0,1,0,0,1,734.21
0,1,1,0,1,1,0,0,0,1,1,0,0,295.413
0,0,0,1,0,1,0,1,0,0,0,0,1,631.043
0,1,0,1,0,0,1,0,0,1,0,1,0,508.547
1,1,1,1,1,1,1,0,0,1,1,0,0,279.247
1,1,1,1,0,1,1,1,0,0,1,0,0,249.41
1,0,1,0,0,0,1,0,1,0,0,1,0,426.75
0,1,0,0,0,1,0,1,0,0,0,1,0,378.417
0,1,0,1,1,1,0,0,0,1,0,1,0,476.863
0,1,1,0,0,0,1,1,0,0,0,0,1,604.917
1,0,0,1,1,1,1,1,0,0,0,1,0,463.363
0,0,0,1,0,1,0,0,1,0,0,0,1,632.127
1,0,0,1,0,1,0,1,0,0,0,1,0,432.143
0,0,1,0,1,1,1,0,1,0,0,0,1,580.577
1,0,0,0,1,1,0,1,0,0,0,0,1,561.927
1,1,0,1,1,0,1,0,1,0,1,0,0,279.89
0,1,0,1,1,1,0,0,0,1,1,0,0,299.89
0,1,1,1,1,0,1,1,0,0,0,1,0,564.063
1,0,0,1,0,1,0,1,0,0,1,0,0,261.203
0,1,1,0,1,0,0,0,0,1,1,0,0,295.353
0,1,1,1,0,0,0,0,0,1,0,1,0,510.21
0,0,0,0,0,0,1,0,0,1,0,0,1,613.517
0,0,1,0,1,1,0,1,0,0,0,0,1,580.543
0,0,1,0,0,0,1,0,1,0,1,0,0,270.153
1,1,0,1,0,0,0,0,1,0,0,0,1,705.397
0,0,1,1,1,1,1,0,0,1,0,1,0,482.08
0,1,1,0,1,1,1,0,1,0,0,1,0,427.477
1,1,0,1,0,0,1,1,0,0,0,0,1,703.5
1,0,1,0,1,1,0,0,0,1,0,1,0,414.243
1,0,0,1,0,1,1,1,0,0,1,0,0,261.207
1,0,1,0,1,0,1,0,1,0,0,0,1,690.217
0,0,0,0,1,0,1,0,0,1,1,0,0,305.5
1,0,0,1,0,1,0,0,1,0,0,0,1,616.687
1,1,0,1,1,1,1,0,1,0,0,1,0,456.363
0,1,1,0,1,0,1,1,0,0,0,1,0,512.87
1,1,0,0,0,1,0,0,1,0,0,1,0,364.76
1,1,1,1,1,0,0,0,0,1,1,0,0,279.223
1,1,1,1,0,0,1,0,0,1,0,0,1,707.493
1,1,1,0,1,1,0,0,0,1,1,0,0,275.39
0,0,1,1,0,0,0,1,0,0,0,1,0,516.22
0,0,0,1,0,0,0,0,1,0,1,0,0,278.197
1,1,0,0,0,0,1,1,0,0,1,0,0,244.303
0,1,0,1,0,1,1,0,0,1,0,1,0,446.63
1,0,0,1,1,1,0,0,0,1,0,1,0,463.31
1,1,1,0,1,0,1,1,0,0,0,0,1,683.42
1,1,1,0,0,0,1,1,0,0,0,1,0,417.633
1,0,1,0,0,1,1,0,1,0,0,1,0,368.63
1,0,1,1,0,1,1,0,0,1,0,0,1,616.133
1,1,1,1,1,1,0,1,0,0,0,1,0,455.64
1,1,1,0,1,0,0,1,0,0,0,1,0,487.09
1,1,1,1,1,0,0,0,0,1,0,1,0,537.113
0,1,0,0,1,0,1,0,1,0,0,1,0,511.343
0,0,0,1,1,1,1,1,0,0,0,0,1,672.137
1,0,0,1,0,1,1,0,1,0,1,0,0,263.073
1,0,0,0,0,0,1,0,0,1,0,0,1,588.2
0,0,1,1,0,0,0,0,1,0,1,0,0,277.813
1,0,0,0,0,0,1,1,0,0,0,0,1,584.82
1,1,0,0,0,1,0,1,0,0,0,1,0,362.627
1,1,1,1,1,1,0,0,0,1,0,1,0,455.72
1,0,1,1,0,0,0,0,0,1,1,0,0,263.91
0,0,0,0,0,0,0,0,1,0,0,1,0,444.6
1,1,0,1,0,1,1,1,0,0,0,0,1,608.997
1,0,1,0,1,0,1,1,0,0,0,0,1,690.463
0,0,1,1,1,1,0,0,0,1,0,0,1,671.747
0,1,0,1,1,1,1,1,0,0,0,1,0,476.937
1,0,0,0,1,1,0,0,0,1,0,0,1,561.847
0,0,0,0,1,1,1,1,0,0,0,0,1,580.73
1,0,1,1,0,1,0,1,0,0,0,0,1,613.763
0,1,0,0,1,0,0,1,0,0,0,0,1,712.743
1,1,1,0,0,0,0,0,0,1,1,0,0,247.483
1,0,0,0,1,1,1,0,0,1,0,0,1,561.97
0,0,0,0,1,0,1,1,0,0,0,0,1,721.757
1,1,1,0,1,1,0,0,0,1,0,0,1,555.633
0,0,0,1,0,1,0,0,0,1,1,0,0,279.533
0,0,1,1,1,0,1,0,0,1,0,1,0,573.24
0,0,0,1,1,0,1,0,1,0,0,0,1,817.34
1,0,1,1,1,0,0,0,0,1,0,1,0,544.823
0,0,1,1,0,0,1,0,0,1,0,0,1,745.443
0,1,0,1,0,1,1,0,0,1,1,0,0,270.063
1,1,1,0,1,0,1,1,0,0,1,0,0,275.433
1,0,1,1,0,0,1,0,0,1,0,0,1,715.583
1,1,0,0,1,0,0,0,0,1,0,1,0,485.59
1,1,0,0,0,1,1,1,0,0,0,1,0,362.613
0,1,1,1,0,1,1,0,0,1,1,0,0,269.493
1,1,1,0,1,0,1,0,0,1,1,0,0,275.427
1,1,0,1,0,1,0,1,0,0,1,0,0,249.73
0,1,1,0,0,1,0,0,1,0,0,1,0,379.457
1,0,1,0,1,1,1,0,0,1,0,0,1,561.333
0,1,0,0,0,1,1,0,0,1,0,1,0,381.213
0,0,1,0,0,1,1,0,0,1,0,0,1,510.89
0,0,0,1,0,0,0,0,1,0,0,1,0,515.543
1,0,1,1,1,1,0,0,0,1,0,1,0,462.74
0,1,1,0,1,1,0,1,0,0,0,1,0,427.66
1,1,0,0,0,0,0,1,0,0,0,1,0,416.887
1,0,1,1,0,0,1,1,0,0,0,0,1,713.39
1,1,1,0,1,1,0,0,1,0,0,0,1,555.613
1,0,0,1,1,0,1,0,1,0,0,0,1,780.757
1,1,0,1,1,0,1,1,0,0,0,1,0,535.697
1,1,0,1,0,1,1,0,1,0,0,1,0,428.16
1,0,0,1,1,1,1,1,0,0,1,0,0,291.61
0,1,1,0,0,0,0,0,1,0,0,0,1,607.537
0,1,0,1,0,0,0,0,1,0,1,0,0,268.787
0,0,1,1,0,0,1,0,1,0,0,0,1,744.26
1,1,0,1,1,0,1,0,1,0,0,0,1,773.22
1,0,1,0,1,1,1,0,1,0,0,1,0,413.88
1,1,1,0,0,0,1,0,0,1,1,0,0,247.517
1,1,1,0,0,1,0,0,1,0,1,0,0,246.273
0,0,0,0,0,0,0,1,0,0,1,0,0,268.72
0,1,1,1,0,0,0,0,1,0,1,0,0,268.397
1,1,1,1,0,1,0,1,0,0,1,0,0,249.44
1,1,0,1,0,1,0,0,0,1,0,0,1,611.6
0,0,1,0,0,0,1,1,0,0,0,1,0,444.52
0,0,0,1,1,1,1,0,1,0,0,1,0,482.613
0,1,0,1,0,0,0,1,0,0,0,0,1,730.01
0,1,1,1,1,0,0,1,0,0,1,0,0,299.637
0,1,0,1,1,0,1,1,0,0,0,1,0,562.183
0,1,1,0,1,0,0,1,0,0,0,0,1,716.033
0,1,0,0,0,0,1,0,1,0,1,0,0,262.567
0,0,0,0,0,1,1,1,0,0,0,1,0,380.84
0,1,1,0,1,0,1,0,0,1,0,0,1,715.747
0,0,0,1,1,1,0,0,0,1,0,1,0,482.817
1,0,1,0,1,1,0,0,0,1,0,0,1,561.933
0,1,0,0,0,1,1,1,0,0,1,0,0,260.38
1,0,1,0,0,0,1,0,1,0,0,0,1,589.74
1,0,1,1,1,0,0,1,0,0,0,1,0,545.017
0,0,1,1,1,1,1,1,0,0,0,1,0,482.083
1,0,1,1,0,1,1,0,1,0,0,1,0,432.77
1,0,1,0,0,0,1,0,0,1,0,1,0,427.797
0,0,1,1,0,0,0,0,1,0,0,0,1,744.893
1,0,1,1,1,1,0,0,1,0,0,0,1,651.49
1,0,0,1,1,1,1,0,0,1,0,1,0,463.5
1,1,1,1,1,1,0,0,1,0,0,1,0,455.68
0,0,0,0,0,1,1,0,0,1,0,1,0,383.89
1,1,0,0,0,1,0,1,0,0,1,0,0,244.433
0,1,1,1,1,0,1,0,1,0,1,0,0,299.627
0,1,0,0,1,1,1,0,0,1,1,0,0,295.683
1,0,1,1,1,0,1,1,0,0,0,0,1,783.493
0,1,0,0,0,1,0,0,1,0,0,0,1,509.37
0,0,0,0,1,1,1,0,1,0,0,0,1,580.627
1,0,0,0,1,0,1,0,0,1,0,0,1,687.033
1,0,0,0,1,1,1,0,0,1,1,0,0,287.063
1,0,0,1,1,0,1,0,1,0,1,0,0,291.577
1,0,1,0,1,0,0,1,0,0,0,1,0,494.257
1,0,1,1,0,0,1,0,0,1,0,1,0,495.45
0,0,1,1,0,0,1,0,0,1,1,0,0,279.083
0,0,1,1,0,1,0,0,0,1,0,1,0,449.383
0,1,0,0,0,1,0,1,0,0,0,0,1,507.247
0,1,0,0,1,1,0,0,1,0,0,1,0,428.383
1,1,1,1,1,1,0,1,0,0,1,0,0,279.153
0,0,0,0,0,1,0,0,0,1,1,0,0,272.13
0,1,1,0,0,1,1,0,1,0,1,0,0,262.277
1,0,1,0,1,0,1,0,0,1,0,0,1,690.39
0,0,1,0,1,1,0,1,0,0,0,1,0,432.773
0,1,0,0,1,0,1,1,0,0,0,1,0,511.48
1,0,1,1,1,1,1,0,0,1,1,0,0,291.237
0,0,1,0,0,0,1,0,1,0,0,1,0,446.6
1,0,0,0,1,0,0,0,1,0,0,0,1,687.6
1,1,1,1,1,0,1,1,0,0,0,1,0,536.95
0,0,0,0,1,1,0,1,0,0,1,0,0,305.26
1,1,1,1,0,0,0,1,0,0,1,0,0,249.363
1,1,1,1,0,1,1,0,0,1,0,1,0,428.157
1,1,1,1,0,0,1,0,1,0,0,1,0,487.057
0,1,1,0,1,0,0,0,0,1,0,1,0,513.523
0,1,0,1,1,0,0,0,1,0,0,1,0,562.677
1,1,1,1,0,1,0,0,0,1,0,1,0,428.263
0,0,0,1,0,1,0,0,0,1,0,1,0,450.157
1,0,0,0,1,0,1,1,0,0,0,0,1,687.093
1,1,0,1,0,1,1,0,0,1,0,1,0,429.257
1,1,1,1,1,1,1,0,1,0,1,0,0,279.193
1,1,1,1,1,1,1,0,0,1,0,0,1,644.033
0,0,0,1,0,0,1,1,0,0,1,0,0,275.92
0,0,0,0,1,0,1,0,0,1,0,1,0,518.96
1,1,0,0,1,1,1,0,1,0,0,0,1,556.307
1,1,0,1,0,0,1,0,1,0,0,0,1,705.213
1,1,0,0,0,0,1,0,0,1,0,0,1,581.717
0,0,1,1,0,0,0,0,0,1,0,1,0,518.8
1,0,0,0,0,1,1,0,0,1,1,0,0,257.877
1,0,1,0,0,0,0,0,1,0,0,1,0,427.07
1,0,1,0,0,0,0,0,0,1,0,1,0,428.027
0,0,1,1,0,0,0,1,0,0,1,0,0,275.427
1,1,0,0,1,1,0,0,0,1,0,1,0,408.683
0,1,0,0,0,0,0,0,1,0,1,0,0,262.563
1,0,0,0,1,1,1,1,0,0,0,0,1,561.96
1,1,0,1,1,0,1,0,0,1,0,0,1,773.463
1,0,0,0,0,1,0,0,0,1,0,0,1,499.27
1,1,1,1,0,0,0,0,1,0,1,0,0,251.573
1,0,0,1,0,0,1,0,0,1,1,0,0,264.287
1,0,1,0,0,0,0,0,1,0,1,0,0,256.333
1,0,1,1,0,1,0,1,0,0,0,1,0,431
1,1,0,0,0,1,1,0,1,0,0,0,1,492.937
0,1,1,1,0,0,1,1,0,0,0,1,0,506.93
1,0,1,0,0,0,0,1,0,0,0,0,1,588.673
1,0,1,1,1,1,0,0,1,0,1,0,0,291.173
0,1,1,0,0,1,1,1,0,0,1,0,0,259.84
1,1,0,0,0,1,1,0,0,1,1,0,0,247.693
1,0,0,0,1,0,1,1,0,0,0,1,0,492.267
0,1,0,0,0,1,0,0,0,1,1,0,0,263.887
0,0,0,1,0,1,1,1,0,0,0,1,0,447.137
0,1,1,0,0,0,1,0,0,1,0,1,0,440.41
0,1,1,0,0,0,0,0,1,0,0,1,0,439.607
1,0,1,1,0,1,1,0,1,0,1,0,0,262.51
1,0,0,1,0,0,0,0,1,0,0,1,0,493.893
0,0,0,1,0,0,1,1,0,0,0,0,1,739.903
1,0,0,0,1,0,1,0,0,1,1,0,0,287.107
1,1,0,0,0,0,1,0,1,0,1,0,0,246.41
1,0,0,0,0,0,1,0,1,0,1,0,0,256.667
0,1,1,0,1,0,0,0,1,0,0,1,0,513.233
0,1,1,0,0,1,0,0,0,1,1,0,0,263.403
1,0,1,1,1,1,0,1,0,0,0,0,1,651.703
0,1,0,1,0,1,1,0,1,0,0,1,0,445.457
1,1,1,1,1,1,1,0,1,0,0,1,0,455.4
0,0,1,0,0,0,1,1,0,0,1,0,0,267.853
0,0,0,0,1,1,1,0,1,0,0,1,0,433.153
1,0,1,0,1,0,1,0,1,0,1,0,0,286.4
1,0,0,1,1,0,0,0,0,1,0,1,0,543.523
0,1,1,0,0,1,0,0,1,0,1,0,0,262.17
0,1,1,0,0,0,1,0,1,0,0,1,0,439.26
0,0,0,0,0,1,0,0,1,0,0,0,1,511.153
1,0,0,1,0,0,0,0,0,1,1,0,0,264.293
1,0,0,0,0,1,1,1,0,0,1,0,0,254.707
1,0,1,0,1,0,0,0,0,1,0,0,1,690.873
0,0,1,0,0,1,1,1,0,0,0,1,0,380.1
1,0,0,0,1,1,1,0,0,1,0,1,0,414.67
1,0,1,0,0,1,0,1,0,0,0,1,0,367.067
1,1,1,1,1,0,1,0,1,0,0,0,1,775.54
1,1,1,0,1,1,1,0,0,1,0,1,0,407.763
0,0,0,1,0,1,0,0,1,0,1,0,0,278.227
1,1,1,0,0,0,0,0,0,1,0,0,1,584.977
1,0,0,0,0,0,1,0,1,0,0,0,1,587.24
1,1,1,0,1,0,1,0,1,0,0,0,1,683.257
1,1,1,1,1,0,0,0,1,0,0,0,1,775.663
1,0,1,1,1,0,1,1,0,0,0,1,0,544.507
0,1,1,0,1,0,1,0,1,0,0,0,1,715.907
1,1,0,1,1,0,0,1,0,0,0,1,0,535.627
1,1,1,0,0,0,1,0,0,1,0,1,0,420.683
1,1,0,0,0,1,0,0,1,0,0,0,1,493.277
1,0,0,0,0,1,1,1,0,0,0,1,0,367.543
0,0,0,1,1,1,0,0,1,0,0,1,0,482.877
0,1,1,0,0,1,1,1,0,0,0,1,0,377.503
0,0,0,1,1,0,0,1,0,0,1,0,0,310.58
0,1,1,0,1,1,1,1,0,0,1,0,0,295.41
0,0,1,1,0,1,0,1,0,0,0,1,0,446.68
1,1,1,1,0,0,1,1,0,0,1,0,0,249.463
1,0,1,1,1,0,0,1,0,0,1,0,0,291.01
0,0,1,0,1,0,0,0,1,0,0,0,1,726.79
0,1,0,1,0,1,1,0,1,0,0,0,1,628.497
1,0,0,0,0,1,0,0,1,0,0,0,1,498.49
0,0,0,1,1,1,0,0,1,0,0,0,1,672.413
0,1,1,1,0,0,0,1,0,0,0,1,0,507.403
0,1,0,0,1,0,1,0,1,0,0,0,1,712.637
0,0,1,1,0,1,0,0,1,0,0,0,1,631.283
0,0,0,0,1,0,0,1,0,0,0,0,1,721.487
0,1,1,0,0,1,1,0,1,0,0,1,0,379.4
1,1,1,0,1,1,1,0,1,0,0,0,1,555.26
0,0,1,1,1,1,0,1,0,0,0,1,0,482.373
1,0,0,1,1,1,1,0,1,0,0,1,0,463.347
0,0,0,1,1,1,1,0,0,1,1,0,0,310.673
0,0,1,1,0,0,0,0,1,0,0,1,0,518.143
1,1,1,1,0,0,1,1,0,0,0,0,1,704.807
0,0,0,1,0,0,1,0,1,0,0,1,0,515.663
1,1,0,0,1,0,0,0,1,0,1,0,0,276.01
0,0,1,0,0,0,1,1,0,0,0,0,1,614.57
1,0,0,1,1,0,1,1,0,0,0,1,0,543.03
0,0,0,1,1,0,0,0,1,0,0,1,0,571.397
0,0,1,0,1,0,1,1,0,0,1,0,0,304.997
0,0,1,0,1,1,0,0,0,1,0,0,1,580.477
1,0,0,0,1,1,1,0,1,0,1,0,0,287.037
0,1,0,1,1,0,0,0,1,0,1,0,0,299.813
0,0,0,1,1,1,1,0,1,0,0,0,1,672.213
0,0,1,0,1,0,0,1,0,0,0,1,0,521.7
0,1,1,1,1,1,1,1,0,0,1,0,0,299.703
0,1,0,1,1,0,1,1,0,0,0,0,1,807.017
1,1,1,1,0,0,0,0,0,1,0,0,1,707.597
1,1,0,0,0,1,1,0,0,1,0,0,1,493.543
1,0,0,0,1,0,0,0,0,1,1,0,0,287.113
1,0,1,1,1,0,1,0,0,1,0,0,1,783.517
0,1,1,1,0,0,1,0,1,0,0,0,1,733.217
0,0,1,0,1,0,0,0,1,0,1,0,0,305.173
1,0,0,1,0,1,1,0,1,0,0,1,0,433.693
0,0,1,1,1,1,0,0,0,1,0,1,0,482.377
0,0,0,0,0,1,0,1,0,0,1,0,0,268.773
1,0,0,1,1,1,1,0,1,0,1,0,0,291.603
1,0,0,1,1,0,0,0,1,0,0,0,1,780.93
1,1,0,0,1,0,1,1,0,0,0,0,1,680.617
1,0,0,1,0,0,0,0,0,1,0,1,0,494.597
0,1,1,0,0,0,0,0,0,1,0,1,0,440.673
0,0,0,0,0,1,0,0,1,0,1,0,0,270.66
0,1,1,0,0,0,0,1,0,0,0,0,1,605.273
1,0,0,1,0,0,1,0,1,0,0,0,1,712.667
0,0,0,0,0,0,0,0,1,0,0,0,1,612.97
1,1,0,0,1,1,0,1,0,0,0,1,0,408.84
1,0,1,0,0,1,0,0,0,1,1,0,0,257.407
1,0,1,0,1,0,0,0,1,0,0,1,0,494.233
0,1,1,1,0,1,0,1,0,0,1,0,0,266.22
0,0,0,1,1,1,0,0,0,1,1,0,0,310.673
1,1,0,0,1,0,1,0,0,1,0,0,1,680.727
0,1,0,1,1,0,0,1,0,0,0,1,0,562.57
0,1,1,1,1,0,1,1,0,0,0,0,1,809.57
1,0,1,0,0,1,0,0,1,0,1,0,0,256.34
0,0,1,1,1,1,1,0,1,0,1,0,0,310.283
1,0,0,1,0,1,0,0,1,0,0,1,0,433.86
0,1,1,0,0,0,1,0,1,0,1,0,0,262.29
1,0,0,0,1,0,0,1,0,0,1,0,0,287.01
0,1,0,1,0,1,1,1,0,0,0,1,0,443.647
1,1,0,1,0,1,0,0,1,0,0,0,1,610.957
1,1,1,1,1,1,0,1,0,0,0,0,1,644.157
1,0,0,1,1,1,0,0,0,1,0,0,1,652.483
0,1,1,0,1,0,0,0,1,0,1,0,0,295.427
1,1,1,1,0,1,0,1,0,0,0,1,0,425.247
1,0,0,1,0,0,1,1,0,0,0,1,0,491.687
0,1,1,1,1,0,0,1,0,0,0,1,0,564.093
1,1,0,1,0,0,0,1,0,0,0,0,1,704.22
0,0,1,0,0,1,0,0,1,0,0,1,0,382.12
0,1,0,0,1,1,0,0,0,1,0,0,1,576.48
0,0,1,0,0,0,1,0,0,1,1,0,0,271.38
1,0,1,0,0,1,1,1,0,0,1,0,0,254.013
1,1,0,0,1,1,0,0,1,0,0,0,1,556.513
0,1,1,1,1,0,0,0,0,1,0,0,1,809.807
1,1,0,1,0,1,1,1,0,0,0,1,0,426.443
0,0,0,0,0,0,1,1,0,0,0,1,0,442.547
1,0,1,1,1,0,0,1,0,0,0,0,1,784.02
0,0,1,1,1,0,1,0,0,1,0,0,1,821.51
0,1,1,0,0,1,1,0,1,0,0,0,1,508.003
1,0,0,1,0,0,0,1,0,0,0,1,0,492.127
0,0,0,0,1,1,0,0,1,0,1,0,0,305.503
1,0,1,1,1,0,0,0,0,1,0,0,1,783.783
1,1,0,0,1,1,0,0,1,0,0,1,0,408.75
1,0,0,0,0,0,0,0,1,0,0,0,1,587.773
1,0,0,1,1,1,0,0,1,0,0,1,0,463.39
1,1,1,1,0,0,0,1,0,0,0,1,0,485.537
1,0,1,0,1,1,0,1,0,0,0,0,1,561.79
0,0,0,1,0,1,1,1,0,0,1,0,0,275.957
0,0,1,0,1,1,1,0,0,1,0,1,0,432.677
0,1,0,0,0,1,1,0,1,0,1,0,0,262.53
0,0,1,0,1,0,1,0,1,0,1,0,0,305.04
0,0,1,1,0,0,1,0,0,1,0,1,0,518.567
0,1,1,1,0,1,0,0,0,1,1,0,0,269.583
0,0,1,1,1,0,0,0,0,1,0,1,0,573.757
0,0,1,1,0,0,0,1,0,0,0,0,1,743.163
0,0,1,0,1,1,0,0,0,1,1,0,0,305.027
1,0,1,0,1,1,1,1,0,0,0,0,1,561.373
0,1,1,0,1,1,0,0,0,1,0,0,1,575.663
1,0,0,1,1,0,1,0,0,1,0,1,0,543.083
0,1,1,1,1,0,1,0,0,1,1,0,0,299.797
1,0,1,0,1,1,1,0,0,1,1,0,0,286.457
0,1,1,1,1,1,1,0,0,1,0,1,0,476.093
0,1,1,1,0,0,0,0,1,0,0,1,0,509.273
0,1,1,0,0,1,1,1,0,0,0,0,1,506.223
0,1,0,1,0,0,1,0,0,1,1,0,0,269.95
1,0,0,1,1,1,0,0,1,0,1,0,0,291.673
1,1,0,1,1,0,0,0,1,0,0,0,1,773.387
1,1,1,0,0,0,0,0,1,0,0,0,1,583.527
0,0,1,0,0,0,0,0,1,0,0,0,1,616.62
0,1,1,1,0,1,1,1,0,0,0,1,0,442.5
1,1,1,1,1,0,1,1,0,0,1,0,0,279.15
1,0,1,1,0,0,0,0,1,0,0,0,1,715.25
1,0,1,0,1,0,0,0,0,1,0,1,0,494.34
1,1,1,0,0,1,0,0,0,1,0,1,0,365.04
0,0,1,0,0,0,0,0,0,1,0,0,1,617.42
0,1,1,1,1,1,1,0,1,0,0,0,1,665.23
1,0,0,0,1,1,1,0,1,0,0,1,0,414.687
1,0,1,0,1,0,1,0,1,0,0,1,0,493.71
0,1,0,0,1,0,1,1,0,0,0,0,1,712.81
0,0,1,0,0,1,1,0,0,1,1,0,0,271.403
0,0,1,1,0,0,0,0,0,1,0,0,1,745.597
1,1,1,0,0,1,1,1,0,0,0,1,0,361.703
1,0,1,1,0,1,1,1,0,0,0,1,0,430.697
0,1,0,0,0,0,0,0,0,1,0,1,0,439.107
0,0,0,1,0,0,1,0,1,0,1,0,0,278.12
1,1,0,1,1,1,0,0,0,1,0,0,1,645.51
0,1,0,0,0,0,1,0,1,0,0,1,0,437.933
1,1,0,0,0,1,1,1,0,0,0,0,1,491.237
1,0,1,1,1,1,1,1,0,0,1,0,0,290.917
1,0,0,0,1,0,0,0,0,1,0,1,0,492.367
1,0,1,0,0,1,0,0,1,0,0,0,1,497.333
0,0,1,1,1,0,0,0,1,0,0,1,0,573.63
1,1,0,1,1,1,1,0,1,0,1,0,0,279.903
1,0,0,1,0,1,1,0,0,1,0,1,0,434.643
1,0,0,1,0,1,1,1,0,0,0,1,0,432.03
0,1,1,0,1,0,1,0,1,0,0,1,0,513
1,1,1,1,0,1,1,0,1,0,0,1,0,427.06
0,1,1,1,1,0,0,0,1,0,0,0,1,809.97
1,0,0,0,1,1,0,0,0,1,0,1,0,414.997
1,1,1,1,0,1,0,0,1,0,0,0,1,609.2
0,0,0,0,1,0,0,1,0,0,0,1,0,519.587
0,1,0,0,1,0,0,1,0,0,0,1,0,511.693
1,1,0,0,0,1,1,0,1,0,0,1,0,364.347
1,1,1,0,1,1,0,0,1,0,1,0,0,275.523
0,1,0,1,1,0,1,1,0,0,1,0,0,299.69
1,0,0,1,0,1,0,0,0,1,0,0,1,617.207
1,1,1,1,1,1,0,0,0,1,1,0,0,279.13
1,0,0,1,1,0,0,1,0,0,0,1,0,543.59
1,1,1,1,1,1,0,0,1,0,0,0,1,644.357
0,0,1,1,0,0,0,0,0,1,1,0,0,279.037
0,0,1,0,1,1,1,1,0,0,0,0,1,580.373
0,1,0,1,0,1,0,0,0,1,1,0,0,270.09
0,0,0,1,1,0,0,0,0,1,0,0,1,817.99
1,0,0,1,1,1,1,0,0,1,0,0,1,652.373
0,0,1,1,1,0,0,0,0,1,1,0,0,310.227
0,0,0,1,1,1,1,1,0,0,1,0,0,310.793
1,1,1,0,0,1,0,0,1,0,0,0,1,492.13
1,0,1,0,1,0,1,0,0,1,0,1,0,493.703
0,1,0,1,1,0,1,0,1,0,0,0,1,807
1,1,1,1,0,1,0,0,0,1,1,0,0,252.78
1,1,1,0,0,0,1,0,1,0,0,1,0,419.82
1,0,1,0,0,0,1,1,0,0,0,1,0,424.49
0,1,1,0,0,1,0,0,0,1,0,0,1,508.767
0,1,0,1,1,1,1,0,1,0,0,1,0,476.953
0,0,1,1,1,1,0,1,0,0,0,0,1,671.73
0,0,1,1,0,1,0,0,0,1,1,0,0,279.097
1,1,0,0,1,1,1,0,1,0,1,0,0,276.01
0,0,0,0,0,1,1,0,0,1,0,0,1,511.733
1,0,1,0,0,1,1,0,0,1,1,0,0,257.53
0,0,0,1,0,0,1,0,1,0,0,0,1,741.207
0,1,1,0,0,0,1,1,0,0,1,0,0,259.903
0,0,0,0,0,0,1,0,0,1,0,1,0,445.487
0,0,1,1,0,1,1,0,1,0,1,0,0,277.563
1,1,1,0,0,1,1,0,0,1,1,0,0,247.537
0,0,0,0,0,1,0,1,0,0,0,0,1,510.01
0,1,1,1,0,0,1,0,0,1,0,0,1,733.763
0,0,1,0,0,0,0,1,0,0,1,0,0,268.017
1,0,0,1,0,0,1,0,1,0,1,0,0,263.253
0,0,0,1,0,0,0,0,1,0,0,0,1,741.59
0,1,0,0,0,0,1,1,0,0,0,0,1,601.59
0,1,1,0,1,1,1,0,1,0,0,0,1,575.397
0,1,0,0,0,1,1,0,0,1,1,0,0,263.753
0,1,0,1,0,0,1,1,0,0,1,0,0,266.527
0,1,1,0,0,0,1,0,0,1,0,0,1,607.7
1,0,1,0,0,1,1,1,0,0,0,1,0,366.837
1,1,0,0,1,0,0,1,0,0,1,0,0,275.923
1,1,1,0,1,1,1,0,0,1,1,0,0,275.46
1,1,0,0,1,0,1,0,0,1,0,1,0,485.437
1,0,1,0,0,1,0,1,0,0,0,0,1,495.723
1,0,1,0,1,1,0,0,1,0,0,0,1,561.743
1,0,1,1,1,0,1,0,1,0,0,1,0,544.75
1,1,0,0,0,0,1,0,1,0,0,1,0,418.123
1,0,0,1,1,0,0,1,0,0,1,0,0,291.633
1,0,1,1,0,0,0,0,0,1,0,0,1,715.737
0,0,0,0,0,1,1,0,1,0,0,1,0,382.883
1,1,1,0,0,0,0,1,0,0,0,0,1,581.407
0,1,0,1,1,0,0,1,0,0,1,0,0,299.66
0,1,0,0,0,0,0,0,1,0,0,0,1,604.747
0,1,1,1,1,0,0,0,0,1,0,1,0,564.167
0,0,0,1,0,0,0,1,0,0,0,1,0,514.17
0,1,0,1,0,0,0,0,1,0,0,1,0,507.75
0,0,0,1,0,0,1,0,0,1,0,1,0,516.587
1,0,0,0,0,0,0,0,0,1,1,0,0,257.973
0,0,0,1,1,0,1,0,1,0,0,1,0,571.31
0,0,0,0,0,0,1,0,1,0,0,0,1,612.643
0,1,1,0,1,0,1,0,1,0,1,0,0,295.503
0,1,1,0,1,1,0,0,1,0,1,0,0,295.36
0,1,1,1,1,0,1,0,1,0,0,0,1,809.5
0,0,0,0,0,1,1,1,0,0,0,0,1,509.523
1,1,1,1,1,0,0,0,0,1,0,0,1,775.81
1,1,1,0,1,0,1,0,1,0,0,1,0,486.827
1,0,0,0,0,0,1,0,0,1,0,1,0,425.873
0,0,0,1,0,1,1,1,0,0,0,0,1,630.577
1,1,1,1,1,0,0,1,0,0,1,0,0,279.15
0,0,1,1,1,1,1,0,1,0,0,0,1,671.5
0,1,0,0,1,1,1,0,1,0,0,0,1,576.277
1,1,1,1,1,0,1,0,1,0,1,0,0,279.157
1,0,1,0,1,1,0,0,1,0,0,1,0,414.173
1,0,0,0,0,0,0,0,0,1,0,0,1,588.54
0,1,0,1,0,1,0,0,1,0,0,0,1,628.757
1,1,1,0,1,0,0,0,1,0,0,0,1,683.763
1,1,1,0,0,0,1,1,0,0,1,0,0,244.353
1,1,0,0,1,0,0,0,0,1,1,0,0,275.97
1,1,0,0,1,0,1,0,1,0,0,1,0,485.523
0,0,1,1,0,0,1,0,1,0,1,0,0,277.533
1,0,0,0,0,1,1,0,1,0,1,0,0,256.72
0,0,1,1,1,1,1,1,0,0,1,0,0,310.29
1,1,0,0,1,1,1,0,1,0,0,1,0,408.617
1,1,1,0,0,1,0,0,0,1,0,0,1,493.007
0,0,0,0,0,1,1,0,0,1,1,0,0,272.053
1,1,0,0,1,1,1,1,0,0,1,0,0,276.027
1,1,0,0,0,1,0,1,0,0,0,0,1,491.52
0,0,0,0,1,0,0,0,1,0,0,1,0,519.583
1,0,1,1,0,1,1,1,0,0,1,0,0,260.55
1,1,1,1,0,0,1,0,0,1,0,1,0,488.26
0,1,1,1,1,1,0,0,1,0,1,0,0,299.69
0,0,0,0,1,1,0,0,0,1,0,0,1,580.74
0,1,1,0,0,0,0,0,1,0,1,0,0,262.233
1,1,1,1,1,0,1,0,0,1,0,1,0,536.85
0,1,0,1,1,0,1,0,1,0,0,1,0,562.297
0,0,0,0,1,0,1,0,1,0,0,0,1,722.037
